name,pos,team,is_rookie,confidence,games,targets,receptions,rec_yards,rec_tds,carries,rush_yards,rush_tds,total_tds,total_yards,pts_ppr,pts_half,ppg_ppr,ppg_half
Bijan Robinson,RB,ATL,0,returning,17.0,71.8,55.3,488,2.2,290.4,1423,7.3,9.6,1911,304,276,17.87,16.24
Jahmyr Gibbs,RB,DET,0,returning,17.0,73.4,57.8,479,2.9,226.8,1175,10.2,13.1,1653,302,273,17.76,16.05
Ja'Marr Chase,WR,CIN,0,returning,16.0,161.6,110.9,1343,8.4,2.6,14,0.0,8.4,1358,297,242,18.57,15.11
Christian McCaffrey,RB,SF,0,returning,16.0,85.6,67.0,600,4.2,233.1,958,7.5,11.7,1558,293,259,18.3,16.2
Puka Nacua,WR,LA,0,returning,16.0,145.9,103.1,1366,6.1,11.6,69,0.7,6.8,1435,287,236,17.95,14.72
Amon-Ra St. Brown,WR,DET,0,returning,17.0,143.3,102.7,1222,9.5,3.0,16,0.1,9.6,1238,284,233,16.7,13.68
Derrick Henry,RB,BAL,0,returning,17.0,22.4,16.6,148,0.6,317.9,1655,11.9,12.5,1803,272,263,15.98,15.49
De'Von Achane,RB,MIA,0,returning,16.0,68.7,54.6,403,2.8,196.1,1064,5.6,8.4,1467,252,225,15.74,14.03
James Cook,RB,BUF,0,returning,17.0,40.5,32.7,274,1.2,259.1,1280,9.0,10.2,1554,249,233,14.67,13.71
Saquon Barkley,RB,PHI,0,returning,16.0,46.7,34.2,253,1.6,291.3,1320,8.0,9.6,1573,249,232,15.57,14.5
Jaxon Smith-Njigba,WR,SEA,0,returning,17.0,127.3,90.0,1161,6.0,4.6,24,0.0,6.0,1185,245,200,14.4,11.75
Jonathan Taylor,RB,IND,0,returning,15.0,38.6,28.9,227,1.0,257.2,1218,10.2,11.2,1445,241,226,16.05,15.08
Kyren Williams,RB,LA,0,returning,16.0,43.7,33.1,230,2.5,246.2,1131,9.0,11.5,1361,238,222,14.89,13.85
CeeDee Lamb,WR,DAL,0,returning,15.0,130.8,85.9,1140,5.5,5.6,28,0.1,5.6,1168,237,194,15.77,12.91
Joe Mixon,RB,HOU,0,returning,16.3,52.8,38.4,302,1.6,232.6,967,8.8,10.4,1270,228,209,13.94,12.77
Josh Jacobs,RB,GB,0,returning,16.0,43.0,33.4,274,0.9,252.4,1012,9.7,10.7,1285,226,209,14.12,13.08
Davante Adams,WR,LA,0,returning,15.0,113.2,64.9,813,13.0,0.6,3,0.0,13.0,817,225,192,14.97,12.81
Nico Collins,WR,HOU,0,returning,16.0,116.1,73.7,1113,5.8,1.6,9,0.1,5.9,1122,221,185,13.83,11.53
Justin Jefferson,WR,MIN,0,returning,16.0,127.2,79.8,1086,5.0,1.7,9,0.0,5.1,1095,220,180,13.73,11.23
Trey McBride,TE,ARI,0,returning,16.0,121.8,90.9,910,6.1,0.5,2,0.0,6.2,912,219,174,13.7,10.86
George Pickens,WR,DAL,0,returning,16.0,113.3,71.9,1104,5.8,1.4,7,0.0,5.8,1111,218,182,13.61,11.36
A.J. Brown,WR,NE,0,returning,16.0,116.5,74.9,1022,5.3,0.5,3,0.0,5.3,1025,209,172,13.06,10.72
Chase Brown,RB,CIN,0,returning,16.0,64.2,51.6,375,2.6,163.6,707,4.5,7.1,1081,203,177,12.66,11.05
D'Andre Swift,RB,CHI,0,returning,17.0,47.5,35.8,302,0.5,215.4,954,6.2,6.7,1256,202,184,11.86,10.81
Travis Kelce,TE,KC,0,returning,17.0,115.0,83.1,865,4.8,0.9,3,0.1,4.9,868,199,157,11.71,9.26
Stefon Diggs,WR,NE,0,returning,16.8,109.4,82.0,913,3.9,2.2,12,0.1,4.0,925,198,157,11.81,9.37
Breece Hall,RB,NYJ,0,returning,16.0,59.9,45.1,396,1.7,188.0,814,3.5,5.3,1210,198,175,12.37,10.96
Rashee Rice,WR,KC,0,returning,13.0,100.7,72.5,827,5.8,4.3,22,0.3,6.2,849,194,158,14.95,12.16
Courtland Sutton,WR,DEN,0,returning,16.0,110.7,66.6,883,6.1,0.5,3,0.0,6.1,885,192,159,11.99,9.91
Travis Etienne,RB,NO,0,returning,16.0,51.1,37.7,289,2.3,194.7,797,5.3,7.6,1086,192,173,11.99,10.81
Chris Olave,WR,NO,0,returning,15.0,111.7,73.6,892,4.5,1.4,7,0.0,4.5,899,191,154,12.71,10.26
DeVonta Smith,WR,PHI,0,returning,17.0,101.1,71.9,908,4.3,0.8,5,0.0,4.3,912,189,153,11.11,8.99
Keenan Allen,WR,LAC,0,returning,16.4,122.4,77.6,804,4.9,0.8,4,0.0,4.9,808,188,149,11.49,9.12
DJ Moore,WR,BUF,0,returning,17.0,102.0,66.0,807,5.3,11.6,62,0.3,5.7,869,187,154,11.0,9.06
Drake London,WR,ATL,0,returning,15.0,106.5,65.7,862,5.8,0.9,5,0.0,5.8,866,187,154,12.47,10.28
Zay Flowers,WR,BAL,0,returning,17.0,95.8,66.1,902,3.6,9.6,55,0.3,4.0,957,185,152,10.91,8.97
Tee Higgins,WR,CIN,0,returning,14.0,97.2,59.7,818,7.1,0.5,3,0.0,7.1,820,184,154,13.16,11.03
Javonte Williams,RB,DAL,0,returning,16.0,52.6,38.1,204,1.4,185.2,791,6.3,7.7,996,184,165,11.51,10.32
Kenneth Walker III,RB,KC,0,returning,15.0,45.5,37.3,310,0.9,176.2,761,5.5,6.4,1071,183,164,12.18,10.94
Tony Pollard,RB,TEN,0,returning,16.0,43.9,33.9,211,0.4,226.7,975,4.4,4.8,1186,181,164,11.34,10.28
Rhamondre Stevenson,RB,NE,0,returning,16.0,45.8,36.6,301,1.7,171.3,714,5.1,6.7,1015,179,160,11.16,10.02
Garrett Wilson,WR,NYJ,0,returning,14.0,114.9,70.9,786,4.5,1.2,6,0.0,4.6,792,178,142,12.68,10.15
Ladd McConkey,WR,LAC,0,returning,16.0,100.1,65.4,844,4.4,0.7,4,0.0,4.4,848,177,144,11.04,9.0
Brock Bowers,TE,LV,0,returning,15.0,97.2,71.4,750,4.9,2.6,9,0.0,4.9,759,177,141,11.77,9.39
Khalil Shakir,WR,BUF,0,returning,17.0,94.7,73.2,788,3.8,1.6,9,0.0,3.9,797,176,139,10.35,8.2
Malik Nabers,WR,NYG,0,returning,14.0,113.1,64.1,848,4.1,1.7,9,0.0,4.2,856,175,143,12.47,10.19
Ashton Jeanty,RB,LV,0,returning,16.0,53.7,40.0,266,2.0,195.6,742,3.5,5.6,1008,174,154,10.88,9.63
Wan'Dale Robinson,WR,TEN,0,returning,16.0,112.9,75.6,744,3.4,3.9,20,0.1,3.5,764,173,135,10.8,8.44
Jaylen Warren,RB,PIT,0,returning,16.0,44.9,37.4,289,1.0,170.1,765,4.0,5.0,1054,173,154,10.8,9.63
DK Metcalf,WR,PIT,0,returning,16.0,98.0,57.9,855,4.6,1.5,8,0.1,4.7,863,172,143,10.78,8.97
Michael Pittman,WR,PIT,0,returning,16.0,101.9,69.3,734,4.7,0.5,3,0.0,4.7,737,171,137,10.71,8.54
Jaylen Waddle,WR,DEN,0,returning,16.0,94.2,61.9,841,3.8,2.8,17,0.1,3.9,858,171,140,10.69,8.76
Deebo Samuel Sr.,WR,WAS,0,returning,16.0,87.3,59.2,687,4.1,24.3,115,1.1,5.3,802,171,141,10.68,8.83
Rico Dowdle,RB,PIT,0,returning,16.0,40.3,30.8,225,1.3,193.9,862,3.8,5.1,1087,170,154,10.62,9.66
Alvin Kamara,RB,NO,0,returning,14.0,59.1,47.9,312,1.0,165.6,640,3.4,4.4,951,169,145,12.1,10.39
Terry McLaurin,WR,WAS,0,returning,15.0,88.9,56.9,810,4.9,0.9,5,0.0,4.9,814,168,140,11.2,9.3
Bucky Irving,RB,TB,0,returning,14.0,41.2,34.2,287,1.4,182.6,752,3.4,4.8,1040,167,150,11.93,10.71
David Montgomery,RB,HOU,0,returning,16.0,32.0,26.0,211,0.3,165.0,731,7.5,7.8,941,167,154,10.44,9.63
Chuba Hubbard,RB,CAR,0,returning,16.0,44.8,34.5,219,1.5,175.5,721,4.7,6.2,939,166,148,10.35,9.27
Aaron Jones,RB,MIN,0,returning,15.0,49.6,35.6,262,1.6,167.2,725,3.5,5.1,987,165,147,11.0,9.81
Brian Thomas Jr.,WR,JAX,0,returning,16.0,98.0,57.1,815,3.9,3.6,21,0.1,4.0,835,165,136,10.3,8.52
Jameson Williams,WR,DET,0,returning,16.0,82.6,51.4,834,4.0,6.7,39,0.3,4.2,872,164,138,10.25,8.65
Mike Evans,WR,SF,0,returning,14.0,96.5,54.6,722,5.7,0.5,3,0.0,5.7,725,162,134,11.54,9.59
Rachaad White,RB,WAS,0,returning,16.0,46.2,39.8,266,1.9,149.8,632,3.3,5.2,899,161,141,10.05,8.81
George Kittle,TE,SF,0,returning,14.0,74.0,58.5,715,5.0,0.8,3,0.1,5.1,718,161,131,11.48,9.39
Tetairoa McMillan,WR,CAR,0,returning,16.0,96.6,56.7,796,3.8,1.0,6,0.0,3.9,802,160,132,10.0,8.23
Romeo Doubs,WR,NE,0,returning,16.0,85.5,55.2,723,5.3,0.5,3,0.0,5.3,726,160,132,9.99,8.26
Jauan Jennings,WR,MIN,0,returning,16.0,90.0,56.0,698,5.6,0.6,3,0.0,5.6,702,160,132,9.99,8.24
Cooper Kupp,WR,SEA,0,returning,16.0,90.4,59.2,698,4.2,1.3,7,0.1,4.3,705,155,126,9.71,7.85
Jake Ferguson,TE,DAL,0,returning,16.0,90.5,67.7,558,4.9,0.6,2,0.0,4.9,560,153,119,9.57,7.45
Jerry Jeudy,WR,CLE,0,returning,16.0,107.9,58.9,758,2.9,0.8,5,0.0,2.9,762,153,123,9.55,7.71
Jakobi Meyers,WR,JAX,0,returning,13.0,87.3,58.0,653,4.4,1.3,7,0.2,4.6,659,152,123,11.68,9.45
James Conner,RB,ARI,0,returning,14.0,36.9,30.5,196,1.1,170.3,654,4.8,6.0,851,151,136,10.81,9.72
RJ Harvey,RB,DEN,0,returning,16.0,49.5,38.3,286,2.1,128.0,489,3.8,5.9,775,151,132,9.45,8.25
Jordan Addison,WR,MIN,0,returning,15.0,86.8,50.2,692,4.8,2.2,15,0.1,4.9,707,150,125,10.03,8.36
Tyrone Tracy Jr.,RB,NYG,0,returning,16.0,48.9,36.0,276,1.2,148.4,633,2.7,3.9,910,150,132,9.38,8.26
Michael Wilson,WR,ARI,0,returning,16.0,86.4,54.7,697,4.1,0.9,5,0.0,4.1,702,149,122,9.34,7.63
Zach Charbonnet,RB,SEA,0,returning,16.0,32.1,25.7,188,0.4,151.4,623,6.7,7.1,811,149,136,9.32,8.52
Josh Downs,WR,IND,0,returning,16.0,91.0,60.1,639,4.0,1.7,9,0.0,4.0,648,149,119,9.3,7.43
Quentin Johnston,WR,LAC,0,returning,15.0,85.5,50.4,663,5.1,2.3,12,0.0,5.1,675,149,123,9.9,8.22
Emeka Egbuka,WR,TB,0,returning,16.0,98.0,51.2,725,3.7,2.2,12,0.1,3.8,737,147,122,9.22,7.62
Kenneth Gainwell,RB,TB,0,returning,17.0,55.1,44.0,303,1.6,101.5,437,3.1,4.7,740,146,124,8.61,7.32
Alec Pierce,WR,IND,0,returning,16.0,75.5,41.7,810,3.7,0.5,3,0.0,3.7,813,145,124,9.08,7.78
Dalton Schultz,TE,HOU,0,returning,17.0,88.3,63.2,632,2.9,0.2,1,0.0,2.9,633,144,112,8.46,6.6
Harold Fannin Jr.,TE,CLE,0,returning,16.0,88.6,60.2,604,3.2,4.0,14,0.2,3.4,618,142,112,8.9,7.02
TreVeyon Henderson,RB,NE,0,returning,16.0,35.3,27.7,187,0.6,143.2,658,4.3,4.9,845,142,128,8.87,8.01
Sam LaPorta,TE,DET,0,returning,14.0,70.4,54.1,625,4.1,0.3,1,0.0,4.1,626,141,114,10.09,8.16
Tank Dell,WR,HOU,0,returning,14.0,79.5,49.6,667,3.3,8.0,43,0.2,3.4,710,141,116,10.08,8.31
Rome Odunze,WR,CHI,0,returning,15.0,92.8,47.5,681,4.1,1.3,7,0.0,4.1,688,141,117,9.4,7.82
Kareem Hunt,RB,KC,0,returning,16.6,30.9,22.6,164,1.0,154.9,575,6.4,7.4,738,141,129,8.49,7.81
Kyle Pitts,TE,ATL,0,returning,17.0,81.9,56.6,635,3.3,0.4,2,0.0,3.3,636,140,112,8.23,6.57
Hunter Henry,TE,NE,0,returning,16.0,77.8,53.1,601,4.4,0.2,1,0.0,4.5,601,140,113,8.75,7.09
Chris Godwin Jr.,WR,TB,0,returning,13.0,81.1,55.3,631,3.4,1.3,7,0.0,3.4,638,140,112,10.74,8.61
Xavier Worthy,WR,KC,0,returning,15.0,82.2,49.6,613,3.2,10.0,59,0.4,3.6,672,138,113,9.22,7.57
Tyler Warren,TE,IND,0,returning,16.0,81.3,55.6,583,3.5,3.9,13,0.3,3.8,596,138,110,8.63,6.89
Dallas Goedert,TE,PHI,0,returning,15.0,71.2,52.7,549,4.9,1.4,5,0.1,5.0,554,138,112,9.2,7.44
Colston Loveland,TE,CHI,0,returning,16.0,78.7,52.4,630,3.6,1.0,4,0.1,3.7,634,138,112,8.61,6.97
Brandon Aiyuk,WR,SF,0,returning,14.0,80.8,47.2,722,2.8,0.8,4,0.0,2.8,726,137,113,9.77,8.09
Juwan Johnson,TE,NO,0,returning,16.0,78.6,57.4,629,2.5,0.3,1,0.0,2.5,630,135,107,8.46,6.67
Jayden Reed,WR,GB,0,returning,14.0,62.6,46.1,569,3.9,9.8,68,0.3,4.2,637,135,112,9.65,8.0
Cam Skattebo,RB,NYG,0,returning,14.0,41.9,31.0,244,1.2,119.4,496,3.8,5.0,740,135,120,9.65,8.54
Marvin Harrison Jr.,WR,ARI,0,returning,15.0,81.3,45.6,648,4.0,0.8,4,0.0,4.0,652,135,112,8.99,7.47
Woody Marks,RB,HOU,0,returning,16.0,34.4,23.7,189,1.5,167.8,636,3.1,4.5,825,133,122,8.34,7.6
Quinshon Judkins,RB,CLE,0,returning,15.0,37.0,26.8,187,0.3,164.5,618,4.0,4.3,805,133,120,8.88,7.99
Omarion Hampton,RB,LAC,0,returning,14.0,38.3,31.3,207,0.6,132.6,574,3.3,4.0,781,133,118,9.51,8.4
Tucker Kraft,TE,GB,0,returning,14.0,58.8,42.6,562,4.9,2.0,7,0.0,4.9,569,129,108,9.21,7.69
Parker Washington,WR,JAX,0,returning,15.0,72.2,45.5,578,3.7,3.8,19,0.1,3.8,597,128,105,8.54,7.03
T.J. Hockenson,TE,MIN,0,returning,15.0,76.2,56.2,539,2.8,0.7,2,0.1,2.9,541,128,100,8.51,6.64
Evan Engram,TE,DEN,0,returning,16.0,86.8,60.4,528,2.3,0.6,2,0.0,2.3,531,127,97,7.94,6.06
Troy Franklin,WR,DEN,0,returning,16.0,79.5,47.4,526,4.2,3.3,17,0.0,4.2,543,127,103,7.92,6.44
Dalton Kincaid,TE,BUF,0,returning,15.0,65.5,48.0,584,3.4,0.2,1,0.0,3.4,585,127,103,8.45,6.85
David Njoku,TE,LAC,0,returning,14.0,79.0,53.5,482,4.1,0.3,1,0.0,4.1,483,127,100,9.04,7.13
Kyle Monangai,RB,CHI,0,returning,16.0,32.0,21.7,181,0.5,140.9,621,3.6,4.1,802,126,116,7.9,7.22
Alexander Mattison,RB,LV,0,returning,14.7,42.1,30.6,230,1.1,135.9,486,2.8,3.9,717,125,110,8.55,7.51
J.K. Dobbins,RB,DEN,0,returning,13.0,27.0,20.5,113,0.4,149.7,676,3.9,4.3,789,125,115,9.65,8.86
Tre Tucker,WR,LV,0,returning,16.0,75.0,45.0,569,2.8,8.5,46,0.2,3.1,615,125,102,7.8,6.4
Tyreek Hill,WR,MIA,0,returning,9.8,66.5,46.0,584,3.0,1.9,9,0.0,3.0,593,123,100,12.5,10.17
Jacory Croskey-Merritt,RB,WAS,0,returning,16.0,19.8,14.2,105,0.2,152.8,689,4.6,4.9,794,123,116,7.67,7.23
Luther Burden III,WR,CHI,0,returning,16.0,69.4,47.0,618,1.8,5.3,28,0.0,1.8,647,123,99,7.66,6.19
Cade Otton,TE,TB,0,returning,15.0,75.2,53.4,530,2.5,0.5,2,0.0,2.5,531,122,95,8.1,6.32
Tyler Allgeier,RB,ARI,0,returning,17.0,18.5,15.3,112,0.3,155.1,618,5.2,5.4,730,121,113,7.11,6.66
Tank Bigsby,RB,PHI,0,returning,14.0,10.1,5.9,43,0.7,102.9,347,11.7,12.5,390,120,117,8.54,8.33
Calvin Ridley,WR,TEN,0,returning,14.0,77.2,39.8,632,2.3,3.1,15,0.1,2.4,647,119,99,8.51,7.09
Jeremiyah Love,RB,ARI,1,rookie,15.0,36.3,26.5,193,0.5,142.4,587,1.9,2.4,780,119,106,7.92,7.04
Brian Robinson,RB,ATL,0,returning,16.0,20.9,15.5,96,0.7,153.1,645,4.2,4.9,742,119,111,7.42,6.94
Zach Ertz,TE,WAS,0,returning,14.2,70.9,49.2,470,3.6,0.3,1,0.0,3.6,471,118,94,8.32,6.59
Christian Watson,WR,GB,0,returning,13.0,59.6,35.0,588,3.6,2.5,13,0.1,3.7,602,117,100,9.03,7.69
Tyjae Spears,RB,TEN,0,returning,14.0,44.1,36.9,246,0.8,93.7,377,2.2,3.0,623,117,99,8.39,7.07
Oronde Gadsden II,TE,LAC,0,returning,16.0,64.1,45.8,553,2.6,0.5,2,0.0,2.6,555,117,94,7.32,5.89
Mark Andrews,TE,BAL,0,returning,16.0,58.4,42.1,433,4.5,7.1,25,0.3,4.8,458,117,96,7.29,5.98
Jalen Coker,WR,CAR,0,returning,14.0,61.5,43.2,565,2.7,0.8,4,0.0,2.7,570,116,95,8.32,6.77
DeMario Douglas,WR,NE,0,returning,16.0,66.2,44.9,538,2.2,4.7,24,0.1,2.3,562,115,93,7.19,5.78
Darnell Mooney,WR,NYG,0,returning,15.0,81.2,42.0,588,2.2,0.7,4,0.0,2.2,592,115,94,7.63,6.24
Darius Slayton,WR,NYG,0,returning,15.0,71.3,41.8,599,2.0,0.8,5,0.1,2.0,604,114,94,7.63,6.24
Jordan Mason,RB,MIN,0,returning,15.0,17.8,13.8,91,0.3,134.0,648,4.1,4.4,738,114,107,7.58,7.12
Isiah Pacheco,RB,DET,0,returning,14.0,29.7,22.2,135,0.8,140.6,554,2.9,3.7,689,113,102,8.1,7.31
Pat Freiermuth,TE,PIT,0,returning,16.0,59.6,44.5,482,3.2,0.3,1,0.0,3.2,483,112,90,7.01,5.62
Marquise Brown,WR,PHI,0,returning,15.0,72.1,42.7,493,3.2,1.0,5,0.0,3.2,498,112,91,7.47,6.04
Jayden Higgins,WR,HOU,0,returning,16.0,68.6,41.7,518,2.9,1.0,6,0.0,2.9,523,112,91,6.97,5.67
Jonnu Smith,TE,PIT,0,returning,17.0,67.8,49.2,401,3.1,4.9,18,0.2,3.3,419,111,87,6.54,5.09
Keon Coleman,WR,BUF,0,returning,15.0,63.0,37.1,484,3.9,1.0,5,0.0,3.9,489,109,91,7.28,6.05
Mack Hollins,WR,NE,0,returning,16.0,63.0,40.8,534,2.4,1.0,5,0.0,2.4,539,109,89,6.81,5.54
Kayshon Boutte,WR,NE,0,returning,16.0,62.0,36.5,537,3.0,0.7,4,0.0,3.0,540,108,90,6.77,5.63
Xavier Legette,WR,CAR,0,returning,16.0,74.0,41.5,444,3.3,2.8,14,0.0,3.4,458,108,87,6.72,5.43
Theo Johnson,TE,NYG,0,returning,15.0,66.3,43.0,477,2.7,0.3,1,0.0,2.7,479,107,86,7.15,5.72
Michael Gallup,WR,DAL,0,returning,17.0,67.5,42.1,536,1.8,1.1,6,0.0,1.8,542,107,86,6.3,5.06
Chimere Dike,WR,TEN,0,returning,16.0,65.9,41.8,417,3.0,7.5,37,0.2,3.1,454,106,85,6.63,5.33
Marvin Mims Jr.,WR,DEN,0,returning,16.0,57.1,40.4,473,1.9,9.5,50,0.3,2.2,524,106,86,6.61,5.35
Devin Singletary,RB,NYG,0,returning,16.0,26.9,22.9,168,0.3,111.9,433,3.2,3.5,600,104,92,6.49,5.78
Chig Okonkwo,TE,WAS,0,returning,16.0,66.8,47.7,464,1.6,0.7,3,0.0,1.6,467,104,80,6.49,4.99
Colby Parkinson,TE,LA,0,returning,16.0,54.2,38.1,389,4.4,0.3,1,0.0,4.4,390,104,85,6.48,5.29
Jalen McMillan,WR,TB,0,returning,13.0,52.9,36.7,501,2.4,2.9,16,0.2,2.5,516,104,85,7.97,6.56
Michael Carter,RB,TEN,0,returning,13.0,36.5,28.7,195,0.8,103.1,411,1.6,2.4,605,104,89,7.96,6.86
Jadarian Price,RB,SEA,1,rookie,15.0,31.5,23.0,167,0.4,123.5,509,1.6,2.1,676,103,92,6.87,6.1
Christian Kirk,WR,SF,0,returning,13.0,67.2,39.5,482,2.4,0.7,4,0.0,2.5,486,103,83,7.91,6.39
Ricky Pearsall,WR,SF,0,returning,13.0,60.1,38.8,527,1.5,2.7,15,0.1,1.6,541,103,83,7.89,6.39
Elic Ayomanor,WR,TEN,0,returning,16.0,76.6,38.8,483,2.4,1.2,7,0.0,2.5,489,102,83,6.4,5.19
Carnell Tate,WR,TEN,1,rookie,15.0,66.5,40.2,488,1.9,2.3,13,0.0,2.0,501,102,82,6.8,5.46
Logan Thomas,TE,WAS,0,returning,16.0,64.4,45.3,419,2.4,1.2,4,0.0,2.4,423,102,79,6.37,4.95
Latavius Murray,RB,BUF,0,returning,17.0,29.7,22.4,163,0.5,103.3,416,3.0,3.5,579,101,90,5.96,5.31
Tyler Boyd,WR,TEN,0,returning,15.7,66.3,44.3,461,1.6,1.7,9,0.0,1.6,470,101,79,6.45,5.04
Demarcus Robinson,WR,SF,0,returning,16.0,55.7,34.0,476,3.1,1.2,7,0.0,3.1,483,101,84,6.3,5.24
Cole Kmet,TE,CHI,0,returning,16.0,55.9,40.1,422,3.0,1.0,3,0.0,3.0,426,101,81,6.29,5.03
Rondale Moore,WR,ARI,0,returning,17.0,62.1,39.1,395,1.4,18.9,108,0.3,1.7,503,100,80,5.87,4.72
Isaiah Likely,TE,NYG,0,returning,15.0,52.1,38.2,441,2.9,0.2,1,0.0,2.9,441,100,81,6.65,5.38
Justice Hill,RB,BAL,0,returning,15.0,35.9,27.8,219,1.1,67.0,322,1.8,2.9,541,99,85,6.61,5.69
Phil Mafah,RB,DAL,0,returning,15.0,30.4,22.5,162,0.3,107.8,458,2.0,2.4,619,99,87,6.58,5.83
Tyler Higbee,TE,LA,0,returning,14.0,53.0,37.1,402,3.5,0.3,1,0.0,3.5,403,98,80,7.02,5.7
AJ Barner,TE,SEA,0,returning,16.0,51.2,38.8,368,3.3,4.7,15,0.2,3.5,383,98,79,6.14,4.93
Tyrell Shavers,WR,BUF,0,returning,14.0,39.2,26.2,656,0.9,1.2,6,0.0,0.9,662,98,85,6.99,6.05
Amari Cooper,WR,CLE,0,returning,9.3,70.7,36.2,467,2.4,0.5,3,0.0,2.4,469,98,80,10.47,8.53
Trey Benson,RB,ARI,0,returning,13.0,30.0,23.5,168,0.5,98.3,473,0.9,1.5,640,96,85,7.41,6.51
Jordyn Tyson,WR,NO,1,rookie,15.0,62.7,37.9,460,1.8,2.2,12,0.0,1.8,472,96,77,6.41,5.15
Jerome Ford,RB,WAS,0,returning,15.0,38.9,30.9,170,0.8,86.7,343,1.4,2.2,513,96,80,6.37,5.34
Calvin Austin III,WR,NYG,0,returning,16.0,62.5,36.4,451,2.2,1.6,8,0.0,2.2,459,96,77,5.97,4.83
Bhayshul Tuten,RB,JAX,0,returning,16.0,21.8,15.8,118,0.7,100.4,421,3.6,4.3,539,95,87,5.95,5.46
Kimani Vidal,RB,LAC,0,returning,14.0,24.0,16.7,140,0.7,118.0,472,2.2,2.9,612,95,87,6.8,6.21
Ezekiel Elliott,RB,DAL,0,returning,15.7,31.3,24.2,153,0.6,106.9,367,2.4,3.0,520,94,82,6.03,5.25
Rashid Shaheed,WR,SEA,0,returning,13.0,55.4,29.5,439,2.3,9.2,53,0.3,2.6,492,94,79,7.25,6.11
Bam Knight,RB,ARI,0,returning,14.0,27.5,20.6,152,0.7,99.5,384,2.6,3.3,536,94,84,6.73,5.99
Mason Taylor,TE,NYJ,0,returning,15.0,65.0,44.6,397,1.6,0.5,2,0.0,1.6,399,94,72,6.28,4.79
Andrei Iosivas,WR,CIN,0,returning,15.0,58.5,34.3,423,2.8,1.7,9,0.0,2.8,432,94,77,6.28,5.14
Gus Edwards,RB,LAC,0,returning,14.3,14.0,10.0,72,0.1,125.6,485,4.6,4.7,557,94,89,6.55,6.2
Makai Lemon,WR,PHI,1,rookie,15.0,60.9,36.8,447,1.8,2.1,12,0.0,1.8,459,93,75,6.23,5.0
Jordan James,RB,SF,0,returning,15.0,28.0,20.6,150,0.3,116.2,502,0.9,1.2,652,93,83,6.21,5.53
Jawhar Jordan,RB,HOU,0,returning,14.0,27.2,20.9,143,0.3,116.1,507,0.9,1.2,649,93,83,6.64,5.89
Quentin Skinner,WR,NYJ,0,returning,15.0,61.3,37.7,460,1.3,2.1,12,0.0,1.3,471,93,74,6.19,4.93
Brenton Strange,TE,JAX,0,returning,14.0,54.3,38.6,400,2.3,0.3,1,0.0,2.3,401,93,73,6.61,5.23
Pat Bryant,WR,DEN,0,returning,15.0,58.1,37.0,443,1.6,1.6,9,0.1,1.7,452,92,74,6.14,4.91
MarShawn Lloyd,RB,GB,0,returning,15.0,27.3,20.1,144,0.3,120.6,500,0.9,1.3,644,92,82,6.14,5.47
Mike Gesicki,TE,CIN,0,returning,14.0,55.9,39.0,400,2.1,0.2,1,0.0,2.1,401,92,72,6.56,5.17
Zack Moss,RB,CIN,0,returning,10.0,29.0,22.6,172,0.9,85.7,323,2.4,3.3,495,92,80,9.18,8.05
Kendric Pryor,WR,CIN,0,returning,15.0,61.5,37.9,460,1.1,2.1,11,0.0,1.1,472,92,73,6.12,4.86
Malik Washington,WR,MIA,0,returning,16.0,56.5,38.5,335,2.0,9.9,55,0.4,2.4,390,92,73,5.74,4.53
Devaughn Vele,WR,NO,0,returning,13.0,55.3,36.0,426,2.1,0.7,4,0.0,2.1,430,92,74,7.06,5.67
KC Concepcion,WR,CLE,1,rookie,15.0,59.6,36.0,437,1.7,2.1,11,0.0,1.8,449,91,73,6.09,4.89
Jalen Nailor,WR,LV,0,returning,16.0,51.5,30.0,411,3.1,2.1,11,0.1,3.2,422,91,76,5.71,4.77
Blake Corum,RB,LA,0,returning,16.0,17.5,12.9,91,0.2,115.0,515,2.7,2.9,606,91,85,5.69,5.28
Jacardia Wright,RB,SEA,0,returning,15.0,26.7,19.5,142,0.3,116.2,496,0.9,1.2,638,91,81,6.05,5.4
Tez Johnson,WR,TB,0,returning,15.0,52.2,32.5,385,2.7,4.9,26,0.2,2.8,411,90,74,6.03,4.95
Theo Wease Jr.,WR,MIA,0,returning,14.0,54.4,32.9,475,1.5,1.9,11,0.0,1.5,485,90,74,6.46,5.28
Dylan Sampson,RB,CLE,0,returning,15.0,38.0,29.5,230,1.1,77.4,272,0.6,1.7,502,90,75,5.99,5.01
Kendrick Bourne,WR,ARI,0,returning,14.0,53.7,36.2,466,1.0,1.1,6,0.0,1.1,472,90,72,6.41,5.12
Dontayvion Wicks,WR,PHI,0,returning,15.0,55.7,33.9,399,2.5,1.2,7,0.0,2.5,405,90,73,5.97,4.84
KaVontae Turpin,WR,DAL,0,returning,16.0,45.8,29.4,400,2.0,12.9,73,0.2,2.1,474,90,75,5.59,4.67
Ty Johnson,RB,BUF,0,returning,16.0,26.8,19.9,203,1.2,66.7,290,2.1,3.4,493,89,79,5.59,4.96
Audric Estimé,RB,NO,0,returning,13.0,24.8,19.8,145,0.2,100.2,426,1.9,2.1,571,89,79,6.86,6.1
JuJu Smith-Schuster,WR,NYG,0,returning,16.0,52.9,35.9,413,1.9,0.5,3,0.0,1.9,416,89,71,5.56,4.44
Lew Nichols III,RB,PIT,0,returning,15.0,26.6,19.4,141,0.3,111.0,476,1.0,1.3,618,89,79,5.93,5.28
Salvon Ahmed,RB,CHI,0,returning,14.0,35.1,25.2,168,1.0,81.5,320,1.5,2.4,488,89,76,6.33,5.43
Devin Neal,RB,NO,0,returning,14.0,28.9,22.6,155,0.3,97.3,388,1.6,1.9,543,89,77,6.32,5.52
Josh Palmer,WR,BUF,0,returning,14.0,54.4,32.7,457,1.6,0.8,4,0.0,1.6,461,88,72,6.32,5.15
Jarquez Hunter,RB,LA,0,returning,15.0,27.1,19.7,144,0.3,108.0,463,1.0,1.3,607,88,78,5.87,5.22
Ulysses Bentley IV,RB,IND,0,returning,15.0,26.9,19.6,143,0.3,110.0,465,0.9,1.3,609,88,78,5.87,5.22
Emanuel Wilson,RB,SEA,0,returning,16.0,18.1,14.1,96,0.4,107.5,463,2.6,3.0,560,88,81,5.5,5.06
Amar Johnson,RB,LAC,0,returning,15.0,29.2,20.8,152,0.3,104.5,447,0.9,1.2,599,88,78,5.87,5.17
Matthew Golden,WR,GB,0,returning,15.0,52.4,33.7,437,0.9,7.1,38,0.2,1.1,475,88,71,5.86,4.74
Ryan Flournoy,WR,DAL,0,returning,15.0,51.4,34.7,403,1.9,2.5,13,0.0,1.9,416,88,71,5.86,4.7
A.T. Perry,WR,PIT,0,returning,14.0,45.8,28.6,429,2.6,1.5,8,0.0,2.6,437,88,73,6.27,5.24
Olamide Zaccheaus,WR,ATL,0,returning,16.0,55.3,34.0,351,2.8,2.9,16,0.0,2.8,367,88,71,5.47,4.41
Samaje Perine,RB,CIN,0,returning,16.0,31.7,25.0,189,0.4,66.0,297,1.8,2.3,486,87,75,5.44,4.66
Bub Means,WR,NO,0,returning,14.0,56.9,34.4,430,1.4,1.7,9,0.0,1.4,440,87,70,6.21,4.98
Jacoby Jones,WR,WAS,0,returning,15.0,56.5,34.8,445,1.0,2.4,13,0.0,1.0,458,87,69,5.79,4.63
Nate Carter,RB,ATL,0,returning,14.0,21.2,15.4,113,0.2,116.7,532,0.9,1.1,645,87,79,6.18,5.63
Dalevon Campbell,WR,LAC,0,returning,15.0,58.2,35.3,433,1.1,2.2,12,0.0,1.1,445,86,69,5.75,4.58
Jeshaun Jones,WR,MIN,0,returning,15.0,57.9,35.1,431,1.1,2.2,12,0.0,1.1,443,86,68,5.73,4.55
Brittain Brown,RB,CHI,0,returning,14.0,25.2,17.9,131,0.3,94.2,424,1.7,2.0,554,85,76,6.09,5.45
Jakobie Keeney-James,WR,GB,0,returning,15.0,56.7,35.4,422,1.0,2.5,13,0.0,1.0,435,85,67,5.67,4.49
Dawson Knox,TE,BUF,0,returning,16.0,46.5,32.4,364,2.7,0.3,1,0.0,2.7,364,85,69,5.31,4.3
Kendall Milton,RB,CIN,0,returning,15.0,29.0,21.2,155,0.3,98.1,412,0.8,1.2,566,85,74,5.66,4.95
Tre Harris,WR,LAC,0,returning,16.0,53.9,35.2,402,1.3,2.1,12,0.1,1.4,414,85,67,5.3,4.2
Ainias Smith,WR,CAR,0,returning,14.0,55.1,35.2,381,1.5,3.6,20,0.0,1.6,401,85,67,6.04,4.79
Dante Miller,RB,NYG,0,returning,15.0,29.3,21.4,156,0.3,94.1,404,0.8,1.2,560,84,74,5.63,4.92
Nick Chubb,RB,HOU,0,returning,12.1,19.2,13.1,84,0.3,112.3,472,2.2,2.5,557,84,77,6.97,6.43
Tory Horton,WR,SEA,0,returning,14.0,48.7,29.3,361,2.9,1.5,8,0.0,2.9,368,84,69,5.98,4.94
Quez Watkins,WR,PHI,0,returning,14.0,54.8,35.6,381,1.5,1.7,9,0.0,1.5,390,84,66,5.97,4.69
Cedric Tillman,WR,CLE,0,returning,13.0,56.4,31.6,385,2.1,0.9,5,0.0,2.1,390,83,68,6.42,5.2
Omar Cooper Jr.,WR,NYJ,1,rookie,15.0,54.4,32.8,399,1.6,1.9,10,0.0,1.6,410,83,67,5.56,4.47
Greg Dortch,WR,DET,0,returning,15.0,44.7,33.4,301,2.5,5.7,30,0.3,2.8,331,83,67,5.55,4.44
Noah Fant,TE,NO,0,returning,14.0,48.9,37.8,365,1.5,0.2,1,0.0,1.5,366,83,64,5.95,4.6
Jonah Coleman,RB,DEN,1,rookie,15.0,25.4,18.6,135,0.3,99.6,411,1.3,1.7,545,83,74,5.54,4.92
Gunnar Helm,TE,TEN,0,returning,16.0,51.2,38.8,339,1.6,0.6,2,0.0,1.6,341,83,63,5.17,3.96
Raheim Sanders,RB,CLE,0,returning,14.0,26.0,19.0,138,0.3,92.4,374,1.7,2.0,512,82,73,5.86,5.18
Chris Rodriguez Jr.,RB,JAX,0,returning,13.0,10.2,7.6,59,0.2,96.1,439,3.9,4.1,498,82,78,6.29,6.0
Rashod Bateman,WR,BAL,0,returning,15.0,47.9,27.0,356,3.1,0.7,4,0.0,3.1,360,82,68,5.44,4.54
Isaac TeSlaa,WR,DET,0,returning,15.0,42.8,25.7,343,3.4,1.2,7,0.0,3.4,350,81,68,5.42,4.57
DeAndre Hopkins,WR,BAL,0,returning,13.7,44.4,26.9,361,2.9,0.8,4,0.0,2.9,366,81,68,5.91,4.93
Jalen Tolbert,WR,MIA,0,returning,15.0,51.7,29.6,353,2.5,0.6,3,0.0,2.5,356,80,66,5.36,4.37
Lil'Jordan Humphrey,WR,DEN,0,returning,12.0,49.2,27.4,329,3.2,0.6,3,0.0,3.2,332,80,66,6.66,5.52
Brashard Smith,RB,KC,0,returning,16.0,34.2,24.7,175,0.9,68.7,272,0.8,1.7,447,80,67,4.97,4.2
Tahj Washington,WR,MIA,0,returning,14.0,53.3,32.3,397,1.1,2.1,11,0.0,1.1,408,80,63,5.68,4.53
Dyami Brown,WR,WAS,0,returning,15.0,47.7,28.8,348,2.0,5.0,27,0.1,2.2,375,79,65,5.28,4.32
Jared Wayne,WR,HOU,0,returning,14.0,53.8,32.8,396,0.9,2.0,11,0.0,0.9,407,79,63,5.64,4.47
Jalen Royals,WR,KC,0,returning,14.0,55.0,33.6,386,0.9,1.8,10,0.0,1.0,396,79,62,5.64,4.44
Jonathon Brooks,RB,CAR,0,returning,14.0,25.3,18.9,139,0.5,92.2,376,0.9,1.4,515,79,70,5.64,4.96
Jaydon Blue,RB,DAL,0,returning,14.0,20.8,15.3,111,0.2,103.0,409,1.6,1.9,520,79,71,5.61,5.06
Nicholas Singleton,RB,TEN,1,rookie,15.0,24.0,17.5,127,0.3,94.0,388,1.3,1.6,515,78,70,5.23,4.65
Denzel Boston,WR,CLE,1,rookie,15.0,51.2,30.9,376,1.5,1.8,10,0.0,1.5,385,78,63,5.23,4.2
Xavier Restrepo,WR,TEN,0,returning,14.0,54.5,31.6,393,1.0,2.1,12,0.0,1.1,404,78,63,5.6,4.47
Tim Patrick,WR,NYJ,0,returning,15.0,43.7,27.4,338,2.8,0.7,4,0.0,2.8,342,78,65,5.22,4.3
Frank Gore Jr.,RB,BUF,0,returning,14.0,24.2,17.8,129,0.3,95.1,408,0.8,1.1,537,78,69,5.59,4.95
Michael Thomas,WR,NO,0,returning,10.0,52.2,31.7,374,1.4,0.9,5,0.0,1.4,379,78,62,7.8,6.21
Corey Kiner,RB,ARI,0,returning,14.0,22.2,16.1,118,0.3,98.2,429,0.8,1.2,547,78,70,5.56,4.99
Isaiah Bond,WR,CLE,0,returning,15.0,55.6,28.0,420,0.9,3.4,19,0.0,0.9,439,78,64,5.17,4.24
Robert Woods,WR,HOU,0,returning,16.0,54.7,33.1,358,1.3,1.0,5,0.0,1.3,363,77,61,4.83,3.79
Emari Demercado,RB,KC,0,returning,14.0,27.1,19.3,138,0.7,56.8,358,0.7,1.4,496,77,68,5.51,4.83
Cody Schrader,RB,DEN,0,returning,14.0,25.2,18.6,135,0.3,90.1,385,0.8,1.1,519,77,68,5.49,4.83
Sean Tucker,RB,TB,0,returning,16.0,15.9,11.9,83,0.5,82.4,344,3.2,3.7,428,77,71,4.79,4.42
Jordan Watkins,WR,SF,0,returning,14.0,51.4,31.4,387,0.9,2.1,11,0.0,0.9,398,77,61,5.47,4.35
Jahdae Walker,WR,CHI,0,returning,14.0,47.0,28.4,361,1.8,1.5,8,0.0,1.9,370,76,62,5.46,4.45
DeVante Parker,WR,NE,0,returning,13.0,55.0,33.1,400,0.4,1.0,6,0.0,0.5,406,76,60,5.88,4.61
Jerick McKinnon,RB,KC,0,returning,13.0,31.7,24.0,180,1.3,53.8,213,0.9,2.2,393,76,64,5.88,4.96
Josh Williams,RB,TB,0,returning,14.0,23.8,17.4,127,0.3,95.2,400,0.8,1.1,527,76,68,5.46,4.84
Raheem Mostert,RB,LV,0,returning,12.9,19.9,16.8,115,0.4,71.7,308,2.4,2.8,423,76,68,5.91,5.26
Sterling Shepard,WR,TB,0,returning,12.6,48.5,31.5,316,1.6,3.9,22,0.1,1.8,338,76,60,6.05,4.8
Mitchell Tinsley,WR,CIN,0,returning,14.0,54.5,27.5,352,2.1,1.3,7,0.0,2.1,359,76,62,5.42,4.44
Jaylin Noel,WR,HOU,0,returning,16.0,45.0,29.4,345,1.5,4.0,21,0.2,1.6,366,76,61,4.73,3.81
Xavier Hutchinson,WR,HOU,0,returning,16.0,53.8,29.8,348,1.6,2.3,13,0.1,1.6,360,76,61,4.73,3.8
Tutu Atwell,WR,MIA,0,returning,14.0,43.8,23.4,447,1.1,1.5,8,0.1,1.1,455,76,64,5.4,4.57
Ray Davis,RB,BUF,0,returning,16.0,17.5,13.6,120,1.0,81.3,359,1.4,2.3,479,75,69,4.71,4.28
Jaleel McLaughlin,RB,DEN,0,returning,15.0,22.2,15.8,89,0.6,82.6,385,1.3,1.9,474,75,67,4.98,4.45
Maurice Alexander,WR,CHI,0,returning,14.0,50.2,30.4,373,0.9,1.9,11,0.0,0.9,384,74,59,5.32,4.23
Jaret Patterson,RB,LAC,0,returning,14.0,20.9,15.3,105,0.2,94.3,390,1.4,1.6,495,74,67,5.31,4.77
Mike Woods,WR,DEN,0,returning,14.0,55.7,30.6,354,1.2,1.6,9,0.0,1.2,363,74,59,5.29,4.2
Antonio Williams,WR,WAS,1,rookie,15.0,48.1,29.1,353,1.4,1.7,9,0.0,1.4,363,74,59,4.92,3.95
Najee Harris,RB,LAC,0,returning,9.8,18.0,15.2,119,0.1,84.5,342,1.9,2.1,461,74,66,7.55,6.78
DJ Giddens,RB,IND,0,returning,14.0,20.8,14.5,106,0.3,99.5,411,0.9,1.3,516,74,66,5.26,4.74
Ameer Abdullah,RB,JAX,0,returning,15.0,28.9,24.3,161,0.7,47.9,216,1.2,1.9,377,73,61,4.88,4.07
Jordan Akins,TE,CLE,0,returning,15.0,48.9,33.5,319,1.2,0.3,1,0.0,1.2,321,73,56,4.87,3.75
Dalen Cambre,WR,NYG,0,returning,14.0,49.3,29.9,367,0.9,1.7,9,0.0,0.9,376,73,58,5.21,4.15
Beaux Collins,WR,NYG,0,returning,14.0,51.9,29.6,364,1.0,1.6,9,0.0,1.0,372,73,58,5.21,4.15
Donald Parham,TE,LAC,0,returning,14.0,43.3,29.4,298,2.3,0.5,2,0.0,2.3,299,73,58,5.21,4.16
Tyler Johnson,WR,DAL,0,returning,13.0,42.5,27.1,345,1.8,0.8,4,0.0,1.8,349,73,59,5.6,4.55
Braelon Allen,RB,NYJ,0,returning,14.0,20.5,14.5,112,0.6,74.6,307,2.1,2.7,419,73,65,5.19,4.67
Phillip Dorsett,WR,LV,0,returning,14.0,52.5,29.6,363,0.9,2.0,11,0.0,0.9,374,73,58,5.18,4.12
Israel Abanikanda,RB,DAL,0,returning,14.0,27.7,19.6,139,0.3,85.3,343,0.5,0.8,482,72,63,5.18,4.47
Van Jefferson,WR,WAS,0,returning,14.0,48.9,28.5,349,1.4,1.0,6,0.0,1.4,355,72,58,5.17,4.16
Kalif Raymond,WR,CHI,0,returning,15.0,38.2,28.4,354,1.2,2.6,15,0.0,1.2,368,72,58,4.82,3.88
Malik Cunningham,WR,DET,0,returning,14.0,47.9,29.1,357,0.9,3.7,20,0.0,0.9,377,72,58,5.16,4.12
Ollie Gordon II,RB,MIA,0,returning,16.0,17.7,13.1,89,0.5,91.7,327,2.4,2.9,416,72,66,4.51,4.1
Coleman Owen,WR,IND,0,returning,14.0,49.5,29.3,359,0.9,2.1,11,0.0,0.9,370,72,57,5.12,4.08
Michael Mayer,TE,LV,0,returning,14.0,47.5,32.6,302,1.4,0.3,1,0.0,1.4,303,71,55,5.11,3.94
Chris Bell,WR,MIA,1,rookie,15.0,46.6,28.1,342,1.4,1.6,9,0.0,1.4,351,71,57,4.76,3.82
David Sills,WR,TB,0,returning,14.0,50.1,27.8,322,1.8,1.2,6,0.0,1.8,328,71,57,5.09,4.1
Dominic Lovett,WR,DET,0,returning,14.0,47.9,29.1,357,0.9,2.1,11,0.0,0.9,368,71,57,5.09,4.05
Roman Wilson,WR,PIT,0,returning,14.0,45.5,27.1,346,1.4,1.4,8,0.0,1.4,354,71,57,5.06,4.09
Tyler Conklin,TE,DET,0,returning,14.0,41.7,29.3,341,1.1,1.6,6,0.0,1.1,346,71,56,5.04,4.0
Isaiah Davis,RB,NYJ,0,returning,15.0,25.5,18.9,151,0.5,55.3,274,1.0,1.5,425,70,61,4.7,4.07
Taysom Hill,TE,NO,0,returning,12.0,29.5,21.1,185,0.5,39.2,155,2.0,2.5,340,70,60,5.87,4.99
Ja'Tavion Sanders,TE,CAR,0,returning,14.0,41.7,32.5,273,1.7,0.3,1,0.0,1.7,274,70,54,5.0,3.84
Albert Okwuegbunam,TE,LV,0,returning,14.0,47.5,32.9,308,0.9,1.0,3,0.0,0.9,312,70,53,4.98,3.8
Jack Bech,WR,LV,0,returning,15.0,45.4,29.1,343,0.9,1.1,6,0.0,0.9,349,70,55,4.64,3.67
Tyquan Thornton,WR,KC,0,returning,13.0,43.1,23.7,359,1.5,1.0,6,0.0,1.6,365,70,58,5.35,4.44
Tommy Tremble,TE,CAR,0,returning,15.0,42.1,30.5,287,1.7,0.3,1,0.0,1.7,288,70,54,4.64,3.62
Zavier Scott,RB,MIN,0,returning,14.0,24.6,19.0,137,0.6,73.2,297,0.5,1.2,434,69,60,4.96,4.28
Darren Waller,TE,MIA,0,returning,9.6,36.7,25.8,285,2.4,0.8,3,0.0,2.5,288,69,56,7.2,5.86
Erick All,TE,CIN,0,returning,14.0,44.2,34.2,306,0.7,0.6,2,0.0,0.7,309,69,52,4.95,3.73
Kevin Austin Jr.,WR,NO,0,returning,12.0,48.9,28.0,336,1.1,1.2,7,0.0,1.1,343,69,55,5.74,4.57
Thomas Fidone II,TE,NYG,0,returning,15.0,46.3,32.3,315,0.8,1.0,4,0.0,0.8,318,69,53,4.59,3.51
Moliki Matavao,TE,NO,0,returning,15.0,46.1,32.8,309,0.7,1.1,4,0.0,0.7,313,69,52,4.57,3.47
Shane Zylstra,TE,BUF,0,returning,14.0,43.6,30.7,317,0.9,0.9,3,0.0,0.9,320,68,53,4.88,3.78
Shedrick Jackson,WR,LV,0,returning,13.0,43.3,26.4,330,1.2,2.5,14,0.0,1.2,343,68,55,5.22,4.21
Kalel Mullings,RB,TEN,0,returning,14.0,20.1,14.7,107,0.2,87.4,368,0.7,1.0,475,68,61,4.85,4.32
Tanner Hudson,TE,CIN,0,returning,13.0,39.1,30.1,269,1.8,0.5,2,0.0,1.8,271,68,53,5.22,4.06
Brandon Johnson,WR,PIT,0,returning,13.0,37.1,26.9,304,1.6,1.2,6,0.0,1.6,311,68,54,5.21,4.17
Jaylen Wright,RB,MIA,0,returning,13.0,15.6,10.6,76,0.2,95.3,388,1.6,1.8,464,68,62,5.2,4.8
Patrick Taylor,RB,SF,0,returning,13.0,21.3,12.7,89,0.3,76.7,339,1.7,2.0,427,68,61,5.2,4.71
Austin Ekeler,RB,WAS,0,returning,7.7,25.0,18.6,151,0.3,61.7,230,1.5,1.8,381,67,58,8.77,7.56
Trey Palmer,WR,NO,0,returning,16.0,44.2,25.3,328,1.4,1.5,8,0.0,1.4,336,67,55,4.22,3.43
Carson Steele,RB,PHI,0,returning,15.0,19.8,14.0,93,0.3,95.9,368,0.9,1.2,460,67,60,4.5,4.03
Noah Gray,TE,KC,0,returning,15.0,44.3,29.8,283,1.5,0.5,2,0.0,1.5,285,67,52,4.49,3.5
Matt Breida,RB,NYG,0,returning,15.0,26.7,20.2,132,0.2,72.2,261,1.0,1.3,392,67,57,4.46,3.79
Jalen Virgil,WR,BUF,0,returning,14.0,45.0,27.3,335,0.8,1.9,11,0.0,0.8,346,67,53,4.78,3.8
Germie Bernard,WR,PIT,1,rookie,15.0,43.6,26.3,320,1.3,1.5,8,0.0,1.3,329,67,54,4.46,3.58
Austin Hooper,TE,ATL,0,returning,16.0,37.2,27.4,296,1.6,0.3,1,0.0,1.6,297,67,53,4.17,3.31
Odell Beckham Jr.,WR,NYG,0,returning,14.0,51.3,27.3,286,1.7,0.7,4,0.0,1.7,290,67,53,4.76,3.79
Adam Thielen,WR,MIN,0,returning,10.5,44.5,26.4,284,1.9,0.5,3,0.0,1.9,287,67,53,6.34,5.09
Malik Turner,WR,SF,0,returning,14.0,47.0,27.2,333,0.8,1.9,11,0.0,0.8,344,67,53,4.75,3.78
Nelson Agholor,WR,BAL,0,returning,16.0,39.9,23.1,319,1.8,0.8,5,0.0,1.8,324,66,55,4.14,3.41
Michael Bandy,WR,DEN,0,returning,13.0,41.5,25.9,318,1.3,1.5,8,0.0,1.3,326,66,53,5.08,4.09
Kyle Williams,WR,NE,0,returning,16.0,42.6,23.1,331,1.4,2.2,12,0.0,1.4,343,66,54,4.11,3.39
Darius Cooper,WR,PHI,0,returning,14.0,42.8,28.2,328,0.6,1.6,9,0.0,0.6,337,66,52,4.69,3.69
Keaton Mitchell,RB,LAC,0,returning,13.0,15.8,12.1,127,0.1,68.2,325,1.2,1.3,452,65,59,5.01,4.55
Elijah Moore,WR,PHI,0,returning,13.0,43.2,33.8,222,0.8,1.6,8,0.6,1.4,230,65,48,5.01,3.71
Kenyon Sadiq,TE,NYJ,1,rookie,15.0,42.3,29.5,281,1.2,0.7,3,0.0,1.2,284,65,50,4.34,3.36
Jeremy McNichols,RB,WAS,0,returning,16.0,22.5,15.7,106,0.3,63.1,264,1.7,2.1,370,65,57,4.07,3.58
Adonai Mitchell,WR,NYJ,0,returning,13.0,41.0,22.4,323,1.6,1.3,7,0.1,1.6,330,65,54,5.0,4.14
Luke McCaffrey,WR,WAS,0,returning,14.0,33.9,22.6,315,1.7,0.8,4,0.0,1.7,319,65,53,4.62,3.81
Kendre Miller,RB,NO,0,returning,12.0,16.8,13.2,95,0.1,81.6,333,1.3,1.4,428,64,58,5.37,4.82
Drake Dabney,TE,GB,0,returning,15.0,43.6,30.0,285,0.9,1.2,4,0.0,0.9,290,64,49,4.29,3.29
Nick Westbrook-Ikhine,WR,IND,0,returning,14.0,41.2,23.4,267,2.3,0.6,3,0.0,2.3,270,64,52,4.58,3.74
Justin Watson,WR,HOU,0,returning,15.0,35.5,23.8,282,1.9,0.6,3,0.0,1.9,285,64,52,4.25,3.46
Colton Dowell,WR,SF,0,returning,14.0,44.1,26.5,316,0.8,1.8,10,0.0,0.8,325,64,51,4.55,3.61
Robbie Ouzts,RB,SEA,0,returning,14.0,19.9,14.1,103,0.2,78.7,337,0.7,0.9,441,64,57,4.55,4.05
Malik Davis,RB,DAL,0,returning,14.0,17.5,11.9,88,0.2,80.2,326,1.5,1.7,414,64,58,4.54,4.12
Jimmy Horn Jr.,WR,CAR,0,returning,14.0,40.9,25.3,291,0.9,5.9,34,0.1,0.9,326,63,51,4.53,3.63
Terrance Ferguson,TE,LA,0,returning,15.0,40.7,22.9,299,1.6,1.2,4,0.1,1.7,303,63,52,4.21,3.45
Hayden Rucci,TE,SF,0,returning,15.0,42.5,29.6,288,0.7,1.1,4,0.0,0.7,293,63,48,4.21,3.22
Jahan Dotson,WR,ATL,0,returning,16.0,42.8,23.3,302,1.5,0.9,5,0.0,1.5,307,63,51,3.94,3.21
Terrell Jennings,RB,NE,0,returning,13.0,17.1,12.4,91,0.2,82.9,318,1.4,1.6,409,63,57,4.83,4.35
Zachariah Branch,WR,ATL,1,rookie,15.0,40.8,24.6,300,1.2,1.4,8,0.0,1.2,307,63,50,4.17,3.35
Konata Mumpfield,WR,LA,0,returning,15.0,46.5,25.1,277,1.5,1.2,7,0.0,1.5,284,62,50,4.17,3.33
Josh Oliver,TE,MIN,0,returning,14.0,30.9,23.5,245,2.4,0.3,1,0.0,2.4,246,62,51,4.45,3.61
Elijah Sarratt,WR,BAL,1,rookie,15.0,40.6,24.5,298,1.2,1.4,8,0.0,1.2,306,62,50,4.15,3.33
Kenny McIntosh,RB,SEA,0,returning,14.0,16.5,12.0,88,0.2,77.6,363,0.6,0.8,451,62,56,4.42,3.99
Darnell Washington,TE,PIT,0,returning,14.0,37.2,26.2,276,1.3,0.3,1,0.0,1.3,277,62,49,4.41,3.48
AJ Dillon,RB,CAR,0,returning,13.0,16.1,13.4,99,0.3,68.6,313,0.9,1.2,412,62,55,4.75,4.23
Dylan Drummond,WR,ATL,0,returning,14.0,41.9,25.7,279,1.2,1.8,10,0.0,1.2,289,62,49,4.41,3.49
Jaylin Lane,WR,WAS,0,returning,15.0,44.0,24.6,320,0.7,1.7,10,0.0,0.7,329,62,49,4.11,3.29
Chris Collier,RB,LV,0,returning,13.0,19.3,14.1,103,0.2,74.3,319,0.7,0.9,422,62,55,4.74,4.2
Emmett Johnson,RB,KC,1,rookie,15.0,18.8,13.7,100,0.3,73.7,304,1.0,1.2,404,62,55,4.1,3.64
Jelani Woods,TE,NYJ,0,returning,14.0,42.7,28.7,274,0.8,0.9,3,0.0,0.8,277,61,47,4.39,3.36
Kaytron Allen,RB,WAS,1,rookie,15.0,18.7,13.7,99,0.3,73.4,303,1.0,1.2,402,61,54,4.08,3.62
Brenden Bates,TE,CLE,0,returning,13.0,40.5,28.1,277,0.8,0.8,3,0.0,0.8,280,61,47,4.7,3.62
Isaiah Hodgins,WR,NYG,0,returning,12.0,38.7,25.2,260,1.6,0.6,3,0.0,1.6,263,61,48,5.08,4.03
Ty Chandler,RB,NO,0,returning,14.0,18.7,14.6,93,0.6,79.9,279,0.8,1.5,372,61,53,4.33,3.81
Jamaal Williams,RB,NO,0,returning,13.7,18.4,14.3,91,0.3,77.9,278,1.3,1.6,369,61,53,4.43,3.91
Chris Blair,WR,ATL,0,returning,14.0,41.9,24.6,303,0.7,2.2,12,0.0,0.8,315,61,48,4.33,3.45
Tyler Lockett,WR,TEN,0,returning,11.5,45.2,25.5,257,1.5,0.5,3,0.0,1.5,259,61,48,5.27,4.15
Ja'Lynn Polk,WR,NO,0,returning,15.0,48.1,23.9,253,1.6,1.7,9,0.1,1.7,263,60,49,4.03,3.24
Jordan Whittington,WR,LA,0,returning,16.0,36.7,25.6,299,0.5,3.1,16,0.1,0.6,316,60,48,3.78,2.98
Tyler Badie,RB,DEN,0,returning,16.0,26.8,19.7,109,0.5,56.6,246,0.4,0.9,354,60,50,3.77,3.15
Royce Freeman,RB,LA,0,returning,11.0,12.2,8.7,65,0.1,82.1,346,1.6,1.7,411,60,56,5.46,5.07
Savion Williams,WR,GB,0,returning,14.0,33.1,22.7,249,1.2,8.1,42,0.1,1.4,291,60,49,4.28,3.47
Efton Chism III,WR,NE,0,returning,14.0,34.3,22.0,306,1.0,1.3,7,0.0,1.1,313,60,49,4.26,3.47
Dont'e Thornton Jr.,WR,LV,0,returning,14.0,48.5,23.7,300,0.7,1.2,7,0.0,0.8,306,59,47,4.21,3.36
Zaire Mitchell-Paden,TE,NO,0,returning,14.0,39.9,27.5,261,0.8,0.9,3,0.0,0.8,265,59,45,4.2,3.21
Pierre Strong,RB,GB,0,returning,15.0,21.5,14.8,113,0.2,65.7,282,0.5,0.7,395,59,51,3.92,3.42
Allen Lazard,WR,NYJ,0,returning,10.7,38.3,21.8,234,2.2,0.4,2,0.0,2.2,236,59,48,5.5,4.48
Chris Brazzell II,WR,CAR,1,rookie,15.0,38.1,23.0,279,1.1,1.3,7,0.0,1.1,287,58,47,3.89,3.12
Cade Stover,TE,HOU,0,returning,14.0,36.7,26.0,213,1.0,5.5,19,0.4,1.5,232,58,45,4.15,3.22
Malachi Fields,WR,NYG,1,rookie,15.0,37.9,22.9,278,1.1,1.3,7,0.0,1.1,285,58,47,3.87,3.11
Cody White,WR,SEA,0,returning,13.0,33.3,20.8,309,0.9,1.2,7,0.0,0.9,316,58,48,4.46,3.66
Mitchell Evans,TE,CAR,0,returning,15.0,35.8,25.4,240,1.3,1.1,4,0.0,1.3,244,58,45,3.86,3.01
LeQuint Allen Jr.,RB,JAX,0,returning,16.0,19.9,15.4,106,0.3,62.9,266,0.6,0.9,372,58,50,3.61,3.13
Keleki Latu,TE,BUF,0,returning,14.0,37.9,27.5,264,0.6,0.9,3,0.0,0.6,268,58,44,4.12,3.14
Jared Wiley,TE,KC,0,returning,14.0,38.8,27.6,260,0.6,0.8,3,0.0,0.6,263,58,44,4.12,3.13
Brandin Cooks,WR,BUF,0,returning,8.9,37.7,19.5,280,1.5,1.4,7,0.1,1.6,287,58,48,6.51,5.41
Curtis Samuel,WR,BUF,0,returning,11.3,34.1,22.5,233,1.7,1.8,9,0.1,1.8,242,57,46,5.06,4.07
Eli Stowers,TE,PHI,1,rookie,15.0,37.3,26.0,247,1.1,0.7,2,0.0,1.1,250,57,44,3.82,2.95
Jake Tonges,TE,SF,0,returning,14.0,41.8,23.7,224,1.8,0.5,2,0.0,1.8,226,57,45,4.09,3.24
Jackson Hawes,TE,BUF,0,returning,15.0,31.9,23.8,248,1.4,0.6,2,0.0,1.4,250,57,45,3.82,3.02
Cole Turner,TE,MIA,0,returning,14.0,36.1,25.6,257,0.9,0.7,2,0.0,0.9,260,57,44,4.07,3.16
Gabe Davis,WR,BUF,0,returning,9.2,34.4,20.5,239,2.0,0.5,3,0.0,2.0,242,57,47,6.16,5.05
Princeton Fant,TE,DAL,0,returning,14.0,38.3,26.8,260,0.6,0.9,3,0.0,0.6,264,57,44,4.07,3.11
KeAndre Lambert-Smith,WR,LAC,0,returning,14.0,39.9,22.5,268,1.2,1.2,7,0.0,1.2,274,57,46,4.06,3.26
Elijah Higgins,TE,ARI,0,returning,16.0,33.4,25.7,252,1.0,0.3,1,0.0,1.0,253,57,44,3.56,2.75
Elijah Arroyo,TE,SEA,0,returning,15.0,37.2,24.2,254,1.1,0.6,2,0.0,1.1,256,57,45,3.78,2.97
Nikola Kalinic,TE,CHI,0,returning,14.0,38.1,26.6,259,0.6,0.9,3,0.0,0.6,263,57,43,4.05,3.1
Dan Chisena,WR,CAR,0,returning,13.0,39.0,23.3,286,0.7,1.4,8,0.0,0.7,293,57,45,4.36,3.46
Evan Hull,RB,HOU,0,returning,13.0,18.1,13.4,97,0.2,74.6,285,0.6,0.8,382,57,50,4.35,3.84
Malachi Corley,WR,CLE,0,returning,14.0,35.9,22.7,233,0.7,7.0,45,0.3,1.0,278,57,45,4.04,3.23
Gage Larvadain,WR,CLE,0,returning,15.0,40.7,23.5,278,0.7,1.6,9,0.0,0.7,286,56,45,3.75,2.97
D'Onta Foreman,RB,CLE,0,returning,9.7,15.1,11.0,85,0.2,71.4,265,1.4,1.6,349,56,50,5.77,5.21
Chris Brooks,RB,GB,0,returning,15.0,17.5,12.3,87,0.3,61.0,277,0.8,1.1,365,55,49,3.7,3.29
Devin Culp,TE,TB,0,returning,13.0,32.5,23.9,232,1.3,0.7,2,0.0,1.3,234,55,43,4.26,3.34
John Metchie III,WR,CAR,0,returning,12.0,32.0,24.2,194,1.8,0.7,4,0.0,1.9,198,55,43,4.6,3.59
Devontez Walker,WR,BAL,0,returning,13.0,30.1,18.3,264,1.6,1.3,7,0.0,1.6,271,55,46,4.24,3.54
Kaleb Johnson,RB,PIT,0,returning,14.0,15.9,11.4,84,0.2,79.8,301,0.7,0.8,385,55,49,3.92,3.51
Casey Washington,WR,ATL,0,returning,13.0,39.4,22.2,286,0.5,1.6,9,0.0,0.5,295,55,44,4.22,3.37
Gunner Olszewski,WR,NYG,0,returning,15.0,33.6,22.3,262,0.9,0.9,5,0.0,0.9,267,55,43,3.64,2.89
Lawrence Cager,TE,WAS,0,returning,14.0,34.1,24.2,233,1.1,0.8,3,0.0,1.1,236,54,42,3.89,3.03
Adam Trautman,TE,DEN,0,returning,15.0,32.0,22.7,236,1.3,0.2,1,0.0,1.3,237,54,43,3.63,2.87
Mason Tipton,WR,NO,0,returning,13.0,40.9,24.8,236,0.7,3.3,18,0.0,0.7,254,54,42,4.18,3.23
Arian Smith,WR,NYJ,0,returning,15.0,41.4,23.1,258,0.6,3.3,18,0.0,0.6,276,54,43,3.61,2.84
David Moore,WR,CAR,0,returning,13.0,30.9,23.1,220,1.2,2.4,13,0.0,1.2,233,54,42,4.14,3.25
Miles Sanders,RB,DAL,0,returning,7.9,17.9,15.0,81,0.3,46.1,216,1.2,1.5,297,54,46,6.8,5.86
Brandon Powell,WR,MIN,0,returning,17.0,34.7,22.6,253,0.8,1.9,10,0.0,0.8,263,54,42,3.16,2.5
Davis Allen,TE,LA,0,returning,14.0,32.3,22.1,202,1.9,0.3,1,0.0,1.9,203,54,43,3.84,3.05
Jamari Thrash,WR,CLE,0,returning,13.0,38.6,23.1,264,0.6,0.9,5,0.0,0.6,269,53,42,4.11,3.22
Carter Runyon,TE,LV,0,returning,14.0,36.0,25.4,241,0.6,0.9,3,0.0,0.6,245,53,41,3.81,2.91
Daniel Bellinger,TE,TEN,0,returning,14.0,28.9,21.8,249,1.1,0.3,1,0.0,1.1,250,53,42,3.81,3.04
Cordarrelle Patterson,RB,PIT,0,returning,13.3,17.0,13.0,87,0.6,61.4,254,0.5,1.0,342,53,47,4.0,3.51
Foster Moreau,TE,HOU,0,returning,14.0,31.0,22.4,221,1.4,0.3,1,0.0,1.4,222,53,42,3.8,3.0
Richie James,WR,KC,0,returning,13.0,36.9,22.4,265,0.6,1.0,5,0.0,0.6,271,53,42,4.07,3.21
Jason Brownlee,WR,KC,0,returning,13.0,39.0,20.3,248,1.2,1.3,7,0.0,1.2,254,53,43,4.07,3.29
George Holani,RB,SEA,0,returning,14.0,15.8,12.0,81,0.2,64.1,253,1.0,1.2,334,52,46,3.74,3.31
Byron Pringle,WR,WAS,0,returning,13.0,36.1,22.3,267,0.4,1.1,6,0.0,0.5,273,52,41,4.03,3.17
Antonio Gibson,RB,NE,0,returning,10.2,15.9,11.6,73,0.2,60.2,258,1.1,1.3,331,52,47,5.1,4.54
Travis Hunter,WR,JAX,0,returning,7.0,35.1,21.6,246,0.8,1.1,6,0.1,0.9,252,52,41,7.46,5.92
Ronnie Bell,WR,NO,0,returning,12.0,32.0,17.5,210,2.2,0.8,4,0.0,2.2,214,52,43,4.34,3.61
E.J. Jenkins,TE,PHI,0,returning,14.0,34.1,22.9,223,1.1,1.0,3,0.0,1.1,226,52,40,3.71,2.89
Samori Toure,WR,PHI,0,returning,12.0,40.6,21.1,222,1.3,1.2,7,0.0,1.3,229,52,41,4.33,3.45
Luke Musgrave,TE,GB,0,returning,14.0,34.2,24.9,234,0.6,0.3,1,0.0,0.6,235,52,39,3.7,2.82
James Mitchell,TE,CAR,0,returning,13.0,33.9,24.2,238,0.6,0.7,3,0.0,0.6,241,52,40,3.97,3.04
Jaheim Bell,TE,PIT,0,returning,14.0,34.4,23.9,233,0.5,0.9,3,0.0,0.5,236,51,39,3.63,2.77
Cam Grandy,TE,CIN,0,returning,13.0,33.7,25.1,216,0.6,0.6,2,0.0,0.6,219,51,38,3.89,2.93
Ke'Shawn Williams,WR,CIN,0,returning,13.0,34.0,20.6,253,0.6,1.2,6,0.0,0.6,259,50,40,3.87,3.08
Bryce Oliver,WR,TEN,0,returning,13.0,32.3,21.4,250,0.5,1.2,7,0.0,0.5,257,50,40,3.87,3.05
Jeremy Ruckert,TE,NYJ,0,returning,14.0,34.4,24.9,205,0.8,0.2,1,0.0,0.8,206,50,38,3.58,2.69
De'Zhaun Stribling,WR,SF,1,rookie,15.0,32.7,19.7,240,0.9,1.1,6,0.0,1.0,246,50,40,3.34,2.68
Roschon Johnson,RB,CHI,0,returning,13.0,15.3,7.8,54,0.2,46.3,255,1.7,1.9,309,50,46,3.85,3.55
Johnny Wilson,WR,PHI,0,returning,14.0,37.7,19.7,226,1.1,1.3,7,0.0,1.2,233,50,40,3.57,2.87
Chris Moore,WR,WAS,0,returning,11.1,31.2,17.2,274,0.8,1.5,8,0.0,0.8,282,50,41,4.51,3.74
Boston Scott,RB,PHI,0,returning,13.0,14.7,10.6,84,0.2,63.0,270,0.5,0.6,355,50,45,3.83,3.42
Ben VanSumeren,RB,BUF,0,returning,13.0,15.6,11.4,81,0.3,58.8,252,0.5,0.8,333,50,44,3.83,3.39
Ryan Miller,WR,NYG,0,returning,13.0,30.7,17.8,232,1.4,0.7,4,0.0,1.4,236,50,41,3.82,3.13
Cedrick Wilson Jr.,WR,DET,0,returning,13.0,32.9,20.0,216,1.2,0.6,3,0.0,1.2,220,49,39,3.8,3.03
Greg Dulcich,TE,MIA,0,returning,12.0,32.1,20.1,214,1.2,0.9,3,0.0,1.3,217,49,39,4.11,3.28
Jalen Reagor,WR,MIA,0,returning,12.0,34.2,18.9,257,0.4,3.1,17,0.1,0.5,274,49,40,4.1,3.32
Treylon Burks,WR,WAS,0,returning,12.0,35.9,19.0,228,1.0,2.4,12,0.0,1.0,240,49,40,4.1,3.3
Jacob Cowing,WR,SF,0,returning,15.0,30.2,18.5,248,0.8,1.7,9,0.0,0.8,257,49,40,3.27,2.65
Xavier Weaver,WR,ARI,0,returning,13.0,37.2,20.0,235,0.8,1.3,7,0.0,0.8,243,49,39,3.77,3.0
Terrace Marshall Jr.,WR,MIA,0,returning,12.0,36.6,20.7,246,0.5,1.0,5,0.0,0.5,251,49,39,4.07,3.21
Justin Shorter,TE,LV,0,returning,14.0,32.9,23.0,224,0.5,0.8,3,0.0,0.5,227,49,37,3.49,2.67
Brycen Tremayne,WR,CAR,0,returning,15.0,33.6,22.9,220,0.6,1.0,5,0.0,0.6,225,49,37,3.25,2.49
Nick Kallerup,TE,SEA,0,returning,14.0,32.8,22.4,218,0.7,0.9,3,0.0,0.7,221,49,37,3.47,2.67
Ted Hurst,WR,TB,1,rookie,15.0,31.6,19.1,232,0.9,1.1,6,0.0,0.9,238,48,39,3.23,2.59
Trevor Etienne,RB,CAR,0,returning,16.0,14.4,10.8,76,0.2,58.9,258,0.5,0.7,334,48,43,3.03,2.69
Mike Washington Jr.,RB,LV,1,rookie,15.0,14.8,10.8,78,0.2,57.9,239,0.8,1.0,317,48,43,3.22,2.86
Will Dissly,TE,LAC,0,returning,11.1,31.6,22.6,212,0.7,0.2,1,0.0,0.7,213,48,37,4.33,3.32
Rasheen Ali,RB,BAL,0,returning,15.0,14.9,10.2,75,0.3,60.7,249,0.6,1.0,324,48,43,3.22,2.88
Isaiah McKenzie,WR,IND,0,returning,13.0,32.4,21.2,228,0.4,2.7,14,0.0,0.5,242,48,38,3.71,2.9
Scott Miller,WR,CHI,0,returning,11.0,32.3,19.9,221,0.9,0.6,3,0.0,0.9,225,48,38,4.34,3.44
Tom Kennedy,WR,DET,0,returning,13.0,32.7,20.0,237,0.5,1.3,7,0.0,0.5,244,48,38,3.67,2.9
Tanner Conner,TE,NYG,0,returning,13.0,32.7,22.4,207,0.7,0.5,2,0.0,0.7,209,48,36,3.66,2.8
Jacob Saylors,RB,DET,0,returning,14.0,14.0,10.2,75,0.2,59.7,258,0.5,0.7,333,48,42,3.4,3.03
Brevin Jordan,TE,HOU,0,returning,13.0,30.5,21.4,196,1.0,0.5,2,0.0,1.0,198,47,36,3.61,2.79
Tai Felton,WR,MIN,0,returning,14.0,31.1,19.7,233,0.5,1.1,6,0.0,0.5,239,47,37,3.35,2.64
Ben Yurosek,TE,MIN,0,returning,14.0,32.0,22.3,213,0.5,0.7,3,0.0,0.5,216,47,36,3.35,2.55
Demond Claiborne,RB,MIN,1,rookie,15.0,14.3,10.4,76,0.2,55.9,231,0.7,0.9,306,47,41,3.11,2.76
Ja'Kobi Lane,WR,BAL,1,rookie,15.0,30.4,18.4,223,0.9,1.1,6,0.0,0.9,229,47,37,3.11,2.5
Gary Brightwell,RB,CIN,0,returning,13.0,18.5,11.8,87,0.2,58.4,224,0.4,0.6,311,47,41,3.59,3.13
Dameon Pierce,RB,PHI,0,returning,12.0,8.9,4.9,34,0.1,72.4,288,1.5,1.6,322,46,44,3.87,3.67
Brock Wright,TE,DET,0,returning,12.0,28.4,20.4,177,1.4,0.3,1,0.0,1.4,178,46,36,3.86,3.01
Dare Ogunbowale,RB,HOU,0,returning,14.8,19.3,13.6,108,0.5,36.7,138,0.8,1.3,247,46,39,3.13,2.67
Tahj Brooks,RB,CIN,0,returning,14.0,15.9,11.4,84,0.2,56.9,229,0.4,0.5,313,46,40,3.29,2.88
Skyler Bell,WR,BUF,1,rookie,15.0,29.9,18.1,220,0.9,1.1,6,0.0,0.9,225,46,37,3.06,2.46
Luke Schoonmaker,TE,DAL,0,returning,14.0,32.4,21.5,200,0.7,0.3,1,0.0,0.7,201,46,35,3.27,2.51
Grant Calcaterra,TE,PHI,0,returning,14.0,27.1,20.0,196,1.0,0.4,1,0.0,1.0,197,46,36,3.27,2.56
British Brooks,RB,HOU,0,returning,13.0,13.5,9.9,72,0.2,59.7,249,0.5,0.6,321,46,41,3.51,3.13
Mike Williams,WR,NYJ,0,returning,6.3,29.2,18.0,233,0.6,0.8,4,0.0,0.6,238,46,37,7.2,5.78
Drew Sample,TE,CIN,0,returning,13.0,29.4,22.6,172,0.9,0.9,3,0.0,0.9,175,46,34,3.51,2.64
Hunter Renfrow,WR,CAR,0,returning,7.7,31.5,18.9,171,1.5,0.5,3,0.0,1.5,174,45,36,5.88,4.66
K.J. Osborn,WR,TEN,0,returning,12.0,31.5,11.0,131,3.4,0.9,5,0.0,3.4,136,45,40,3.76,3.3
Austin Trammell,WR,JAX,0,returning,12.0,32.1,17.8,236,0.5,0.7,4,0.0,0.5,240,45,36,3.75,3.01
Anthony Firkser,TE,WAS,0,returning,13.0,30.8,20.8,192,0.8,0.7,2,0.0,0.8,194,45,35,3.46,2.66
Julio Jones,WR,PHI,0,returning,9.0,29.0,17.9,184,1.3,0.9,5,0.0,1.3,189,45,36,4.97,3.98
Xavier Smith,WR,LA,0,returning,16.0,26.8,18.7,218,0.5,1.8,9,0.0,0.5,227,45,35,2.79,2.21
Jamison Crowder,WR,WAS,0,returning,10.7,27.5,18.1,191,1.2,0.6,3,0.0,1.2,194,45,36,4.19,3.34
Will Shipley,RB,PHI,0,returning,15.0,14.5,11.1,81,0.2,50.5,209,0.5,0.7,290,45,39,2.97,2.6
Mo Alie-Cox,TE,IND,0,returning,13.0,27.1,17.4,176,1.5,0.3,1,0.0,1.5,177,44,36,3.41,2.74
Jha'Quan Jackson,WR,HOU,0,returning,14.0,30.8,18.1,219,0.5,1.7,9,0.0,0.5,228,44,35,3.16,2.51
Isaiah Williams,WR,NYJ,0,returning,14.0,36.7,19.9,204,0.4,1.8,10,0.0,0.5,214,44,34,3.15,2.44
Tyler Scott,WR,LA,0,returning,13.0,29.3,20.9,187,0.5,2.3,12,0.0,0.5,199,44,33,3.37,2.57
Hunter Luepke,RB,DAL,0,returning,14.0,17.6,13.6,106,0.5,34.8,144,0.4,0.9,250,44,37,3.12,2.64
Jake Bobo,WR,SEA,0,returning,13.0,23.3,16.4,192,1.2,0.7,4,0.0,1.3,196,44,35,3.35,2.72
Laquon Treadwell,WR,IND,0,returning,13.0,31.2,17.8,218,0.5,1.3,7,0.0,0.5,225,44,35,3.35,2.67
Marquise Goodwin,WR,CLE,0,returning,11.0,32.4,17.0,219,0.4,2.5,14,0.1,0.5,233,43,35,3.95,3.18
Hunter Long,TE,JAX,0,returning,13.0,28.6,18.9,170,1.2,0.4,1,0.0,1.2,172,43,34,3.32,2.6
Mecole Hardman,WR,BUF,0,returning,12.0,27.7,15.8,165,1.5,1.8,9,0.1,1.6,174,43,35,3.59,2.93
Charlie Kolar,TE,LAC,0,returning,14.0,23.2,16.6,194,1.1,0.6,2,0.0,1.1,196,43,35,3.07,2.48
Ben Sinnott,TE,WAS,0,returning,13.0,25.3,19.3,187,0.8,0.4,2,0.0,0.8,189,43,33,3.3,2.56
Kameron Johnson,WR,TB,0,returning,16.0,27.7,15.7,199,0.9,3.5,19,0.0,0.9,218,43,35,2.68,2.19
Myles Price,WR,MIN,0,returning,16.0,28.7,17.4,213,0.5,1.1,6,0.0,0.5,219,43,34,2.66,2.11
Gerald Everett,TE,CHI,0,returning,11.7,31.5,21.1,151,1.0,0.8,3,0.0,1.0,153,42,32,3.63,2.73
Kyle Philips,WR,TEN,0,returning,8.0,27.6,17.5,213,0.4,0.8,5,0.0,0.4,218,42,33,5.22,4.13
Noah Brown,WR,WAS,0,returning,7.2,26.6,15.0,219,0.8,0.5,2,0.0,0.8,222,42,34,5.84,4.79
Marquez Valdes-Scantling,WR,DAL,0,returning,11.0,29.9,14.6,172,1.6,0.5,3,0.0,1.6,175,42,34,3.8,3.13
Ashton Dulin,WR,IND,0,returning,14.0,25.4,13.9,208,0.6,3.6,23,0.2,0.8,230,42,35,2.97,2.48
Nate Adkins,TE,DEN,0,returning,13.0,25.6,18.1,156,1.2,0.3,1,0.0,1.2,157,41,32,3.17,2.48
Isaiah Spiller,RB,LAC,0,returning,9.0,13.0,10.0,70,0.2,53.2,197,0.5,0.8,267,41,36,4.58,4.03
Ty Montgomery,WR,NE,0,returning,11.0,29.7,16.7,193,0.6,2.3,13,0.0,0.6,205,41,33,3.72,2.96
Josh Whyle,TE,GB,0,returning,13.0,24.7,18.6,161,1.0,0.3,1,0.0,1.0,162,41,31,3.13,2.42
Tyler Goodson,RB,ATL,0,returning,13.0,12.5,8.9,56,0.4,49.0,202,0.6,1.0,258,41,36,3.13,2.79
Johnny Mundt,TE,PHI,0,returning,14.0,28.4,17.7,179,0.8,0.3,1,0.0,0.8,180,41,32,2.9,2.27
Tim Jones,WR,JAX,0,returning,12.0,24.2,16.7,216,0.3,0.7,4,0.0,0.3,220,41,32,3.38,2.69
Lucas Krull,TE,DEN,0,returning,12.0,30.1,19.7,177,0.4,0.3,1,0.0,0.4,178,40,30,3.33,2.51
Randall Cobb,WR,NYJ,0,returning,9.0,30.0,15.4,177,1.0,0.8,4,0.0,1.0,182,40,32,4.42,3.56
Tip Reiman,TE,ARI,0,returning,13.0,28.3,19.7,175,0.4,0.6,2,0.0,0.4,178,40,30,3.05,2.3
Nikko Remigio,WR,KC,0,returning,14.0,24.3,15.3,214,0.4,1.1,6,0.0,0.4,220,40,32,2.83,2.29
Teagan Quitoriano,TE,ARI,0,returning,13.0,28.0,18.4,181,0.4,0.8,3,0.0,0.4,184,40,30,3.04,2.33
Kevin Coleman Jr.,WR,MIA,1,rookie,15.0,25.7,15.5,189,0.7,0.9,5,0.0,0.8,194,39,32,2.63,2.11
DJ Chark,WR,LAC,0,returning,8.0,30.3,14.5,168,1.3,0.5,3,0.0,1.3,171,39,32,4.92,4.01
Julian Hill,TE,NE,0,returning,13.0,25.6,18.0,166,0.8,0.3,1,0.0,0.8,167,39,30,3.02,2.33
Sean McKeon,TE,IND,0,returning,14.0,27.2,18.1,176,0.5,0.7,2,0.0,0.5,178,39,30,2.8,2.15
Ray-Ray McCloud,WR,NYG,0,returning,8.4,23.1,18.6,155,0.7,1.5,8,0.0,0.7,163,39,30,4.61,3.51
Brevyn Spann-Ford,TE,DAL,0,returning,15.0,25.1,17.3,170,0.7,0.4,1,0.0,0.7,171,39,30,2.59,2.01
Tylan Wallace,WR,CLE,0,returning,13.0,23.7,14.4,188,0.9,0.5,3,0.0,0.9,191,39,32,2.99,2.43
Jalin Hyatt,WR,NYG,0,returning,12.0,36.6,17.5,185,0.4,0.5,3,0.0,0.4,188,39,30,3.23,2.5
Jermaine Burton,WR,CIN,0,returning,8.0,26.9,14.1,201,0.7,0.7,4,0.0,0.7,205,39,32,4.83,3.95
Dante Pettis,WR,NO,0,returning,8.0,24.1,15.5,198,0.5,0.6,3,0.0,0.5,201,39,31,4.83,3.86
Kaelon Black,RB,SF,1,rookie,15.0,11.8,8.6,62,0.2,46.2,191,0.6,0.8,253,39,34,2.57,2.28
Jordan Mims,RB,SF,0,returning,12.0,16.8,9.3,66,0.2,53.7,192,0.3,0.6,258,38,34,3.21,2.82
Ian Thomas,TE,LV,0,returning,12.0,25.9,19.0,169,0.4,0.4,1,0.0,0.4,170,38,29,3.2,2.41
Lynn Bowden,WR,NO,0,returning,8.0,26.4,16.6,180,0.4,2.7,15,0.0,0.4,195,38,30,4.8,3.76
Mitchell Wilcox,TE,CIN,0,returning,12.0,26.3,18.6,166,0.5,0.4,2,0.0,0.5,167,38,29,3.2,2.42
John Bates,TE,WAS,0,returning,14.0,25.5,17.3,165,0.7,0.3,1,0.0,0.7,166,38,30,2.74,2.12
Isaac Guerendo,RB,SF,0,returning,14.0,12.5,7.7,60,0.1,55.3,161,1.3,1.4,221,38,34,2.72,2.44
Ben Sims,TE,MIA,0,returning,11.0,25.1,16.9,163,0.8,0.4,1,0.0,0.8,164,38,30,3.45,2.68
Trent Sherfield,WR,BUF,0,returning,12.0,24.0,11.2,125,2.3,0.6,3,0.0,2.3,128,38,32,3.15,2.69
Stone Smartt,TE,PHI,0,returning,12.0,24.5,17.9,177,0.3,0.3,1,0.0,0.3,178,38,29,3.15,2.41
Donovan Peoples-Jones,WR,DET,0,returning,10.0,24.9,15.5,188,0.5,1.0,5,0.0,0.5,194,38,30,3.78,3.0
LaJohntay Wester,WR,BAL,0,returning,15.0,25.1,15.2,187,0.5,1.3,7,0.0,0.5,194,38,30,2.5,1.99
Elijah Mitchell,RB,PHI,0,returning,12.0,16.0,10.0,71,0.2,55.2,133,1.0,1.2,204,37,32,3.12,2.7
Luke Farrell,TE,SF,0,returning,14.0,23.8,17.0,145,0.9,0.3,1,0.0,0.9,146,37,29,2.65,2.04
Andrew Beck,RB,NYJ,0,returning,12.0,15.9,10.2,73,0.8,28.0,117,0.5,1.3,190,37,32,3.08,2.65
Jalen Guyton,WR,LAC,0,returning,7.0,26.5,14.9,168,0.8,0.7,4,0.0,0.8,172,37,29,5.27,4.21
Hassan Haskins,RB,LAC,0,returning,12.4,10.9,8.3,60,0.2,44.5,162,0.9,1.1,221,37,33,2.98,2.64
Braxton Berrios,WR,NYG,0,returning,12.0,28.3,16.0,152,0.8,0.6,3,0.0,0.8,156,36,28,3.03,2.37
Will Mallory,TE,IND,0,returning,11.0,21.4,16.0,188,0.2,0.3,1,0.0,0.2,189,36,28,3.29,2.57
Irvin Charles,WR,SEA,0,returning,13.0,25.0,14.4,177,0.5,1.0,6,0.0,0.6,183,36,29,2.77,2.22
Sione Vaki,RB,DET,0,returning,13.0,11.2,7.9,59,0.1,45.5,192,0.3,0.5,251,36,32,2.75,2.45
Ronnie Rivers,RB,LA,0,returning,12.0,11.0,7.0,51,0.1,47.4,213,0.3,0.4,263,36,32,2.98,2.69
Zay Jones,WR,ARI,0,returning,6.4,21.9,14.2,181,0.5,0.4,2,0.0,0.5,184,36,28,5.52,4.42
Skyy Moore,WR,GB,0,returning,15.0,25.5,12.9,183,0.5,2.1,11,0.0,0.5,194,35,29,2.35,1.92
Diontae Johnson,WR,BAL,0,returning,6.7,21.6,8.8,100,2.7,0.5,3,0.0,2.7,103,35,31,5.28,4.62
Raheem Blackshear,RB,CAR,0,returning,13.7,11.3,7.5,55,0.1,43.6,191,0.4,0.5,246,35,31,2.56,2.28
Kylen Granson,TE,TEN,0,returning,14.0,25.1,16.7,145,0.6,0.4,1,0.0,0.6,146,35,27,2.49,1.89
Harrison Bryant,TE,SEA,0,returning,12.0,27.2,16.8,147,0.5,0.7,2,0.0,0.5,149,35,26,2.91,2.21
Blake Whiteheart,TE,CLE,0,returning,13.0,25.7,16.2,144,0.6,0.4,1,0.0,0.6,145,34,26,2.64,2.02
Mason Kinsey,WR,TEN,0,returning,12.0,22.5,14.0,176,0.4,0.8,5,0.0,0.4,181,34,27,2.86,2.27
Ben Skowronek,WR,PIT,0,returning,15.0,19.0,12.7,169,0.7,0.9,5,0.0,0.7,173,34,28,2.29,1.86
Quintin Morris,TE,JAX,0,returning,13.0,21.0,14.4,137,1.0,0.3,1,0.0,1.0,139,34,27,2.63,2.07
Trenton Irwin,WR,CIN,0,returning,8.0,24.2,12.8,141,1.1,0.5,3,0.0,1.1,143,34,27,4.22,3.42
Jeff Wilson,RB,MIA,0,returning,8.0,10.7,8.5,59,0.1,39.9,164,0.4,0.5,223,34,29,4.2,3.67
Cameron Latu,TE,PHI,0,returning,14.0,22.6,15.8,154,0.4,0.7,2,0.0,0.4,156,34,26,2.4,1.84
Dylan Laube,RB,LV,0,returning,15.0,11.7,8.3,60,0.1,42.4,167,0.3,0.4,227,34,29,2.24,1.96
Derius Davis,WR,LAC,0,returning,15.0,20.9,13.9,124,0.6,5.7,28,0.1,0.7,151,33,26,2.23,1.76
Simi Fehoko,WR,ARI,0,returning,12.0,26.8,12.8,160,0.7,1.0,5,0.0,0.7,165,33,27,2.78,2.25
Jack Stoll,TE,CLE,0,returning,12.0,23.5,15.5,137,0.7,0.3,1,0.0,0.7,138,33,25,2.77,2.12
Julius Chestnut,RB,TEN,0,returning,15.0,9.9,6.6,48,0.1,45.7,183,0.5,0.6,231,33,30,2.2,1.98
Anthony Gould,WR,IND,0,returning,13.0,21.6,13.7,165,0.4,0.9,5,0.0,0.4,169,33,26,2.53,2.0
Keith Kirkwood,WR,NO,0,returning,7.0,21.7,13.0,148,0.7,0.7,4,0.0,0.7,152,33,26,4.66,3.74
Dareke Young,WR,LV,0,returning,13.0,22.3,13.0,169,0.4,0.8,5,0.0,0.4,173,33,26,2.51,2.01
Adam Prentice,RB,DEN,0,returning,14.0,13.6,8.9,66,0.2,34.1,141,0.3,0.5,207,33,28,2.33,2.01
JaMycal Hasty,RB,NE,0,returning,8.3,13.9,9.5,66,0.3,34.8,134,0.2,0.5,200,32,28,3.9,3.33
Damien Harris,RB,BUF,0,returning,6.0,8.4,6.2,46,0.1,39.6,168,0.7,0.8,213,32,29,5.39,4.87
Chase Claypool,WR,MIA,0,returning,8.0,22.1,13.3,152,0.5,0.8,5,0.0,0.5,157,32,25,4.0,3.17
Josh Reynolds,WR,NYJ,0,returning,6.5,25.0,12.2,137,1.0,0.3,2,0.0,1.0,139,32,26,4.91,3.97
Eric Saubert,TE,SEA,0,returning,13.0,20.5,14.3,126,0.8,0.3,1,0.0,0.8,127,32,25,2.45,1.9
Laviska Shenault Jr.,WR,SEA,0,returning,9.3,19.1,13.6,139,0.3,3.9,19,0.1,0.4,158,32,25,3.41,2.68
David Martin-Robinson,TE,TEN,0,returning,13.0,21.2,14.5,135,0.6,0.5,2,0.0,0.6,137,32,24,2.44,1.88
Zavion Thomas,WR,CHI,1,rookie,15.0,20.6,12.5,152,0.6,0.7,4,0.0,0.6,155,32,25,2.11,1.69
Rakim Jarrett,WR,TB,0,returning,7.7,19.8,12.6,163,0.4,0.8,4,0.0,0.4,167,32,25,4.13,3.3
Brenen Thompson,WR,LAC,1,rookie,15.0,20.3,12.3,149,0.6,0.7,4,0.0,0.6,153,31,25,2.08,1.67
Connor Heyward,TE,PIT,0,returning,13.6,16.5,11.9,97,0.8,6.8,22,0.4,1.2,119,31,25,2.29,1.85
Malik Heath,WR,GB,0,returning,7.5,17.7,12.1,149,0.6,0.4,2,0.0,0.6,152,31,25,4.16,3.35
Andrew Ogletree,TE,IND,0,returning,13.0,19.3,12.7,122,1.0,0.3,1,0.0,1.0,123,31,25,2.38,1.89
Jalen Brooks,WR,ARI,0,returning,12.0,26.9,12.0,148,0.6,0.9,5,0.0,0.6,153,31,25,2.58,2.07
Hayden Hurst,TE,LAC,0,returning,7.7,21.4,13.8,133,0.6,0.3,1,0.0,0.6,133,31,24,4.02,3.12
Miles Boykin,WR,PIT,0,returning,8.0,20.7,12.8,148,0.4,0.8,5,0.0,0.4,153,31,24,3.83,3.03
Nick Vannett,TE,TEN,0,returning,8.3,18.2,13.9,115,0.8,0.3,1,0.0,0.8,117,31,24,3.67,2.83
Chris Conley,WR,SF,0,returning,7.0,20.3,11.8,158,0.4,0.6,3,0.0,0.4,162,30,24,4.32,3.48
Jonathan Mingo,WR,DAL,0,returning,11.0,31.6,11.7,164,0.3,0.6,3,0.0,0.3,167,30,24,2.74,2.21
Max Klare,TE,LA,1,rookie,15.0,19.5,13.6,130,0.5,0.3,1,0.0,0.6,131,30,23,2.0,1.55
Britain Covey,WR,PHI,0,returning,12.0,20.8,12.8,140,0.5,0.7,4,0.0,0.5,143,30,24,2.5,1.96
Chris Manhertz,TE,NYG,0,returning,12.0,19.6,13.2,125,0.7,0.3,1,0.0,0.7,126,30,23,2.5,1.95
Robert Tonyan,TE,PIT,0,returning,12.0,21.2,16.3,114,0.3,0.5,2,0.0,0.3,115,30,22,2.47,1.79
Darrell Henderson,RB,LA,0,returning,4.0,9.3,6.8,55,0.2,35.0,125,0.6,0.8,179,30,26,7.4,6.56
Payne Durham,TE,TB,0,returning,12.0,20.2,12.4,126,0.7,0.3,1,0.0,0.7,127,29,23,2.46,1.94
Allen Robinson,WR,DET,0,returning,9.3,24.1,13.3,141,0.3,0.6,3,0.0,0.3,144,29,23,3.15,2.44
Kene Nwangwu,RB,NYJ,0,returning,12.0,9.8,7.0,51,0.1,37.0,145,0.3,0.5,196,29,26,2.44,2.15
Zamir White,RB,LV,0,returning,7.1,10.2,7.4,49,0.1,40.9,136,0.4,0.5,185,29,25,4.09,3.57
Godwin Igwebuike,RB,PIT,0,returning,7.0,8.5,6.2,45,0.1,35.5,152,0.3,0.4,197,28,25,4.06,3.61
Nick Bawden,RB,NYJ,0,returning,6.0,9.4,7.0,51,0.1,28.6,121,0.6,0.7,172,28,25,4.72,4.13
David Bell,WR,CLE,0,returning,4.0,15.4,11.4,121,0.7,0.3,2,0.0,0.7,123,28,22,6.98,5.55
Devin Duvernay,WR,ARI,0,returning,16.0,20.0,11.2,125,0.4,2.4,12,0.1,0.5,137,28,22,1.74,1.39
Adam Randall,RB,BAL,1,rookie,15.0,8.4,6.2,45,0.1,33.1,136,0.4,0.6,181,28,25,1.84,1.63
Colson Yankoff,TE,WAS,0,returning,13.0,18.9,12.9,125,0.3,0.5,2,0.0,0.3,127,27,21,2.1,1.61
Jimmy Graham,TE,NO,0,returning,6.0,15.0,10.8,99,1.1,0.3,1,0.0,1.1,100,27,22,4.54,3.64
Durham Smythe,TE,BAL,0,returning,13.0,21.1,14.1,110,0.3,0.3,1,0.0,0.3,111,27,20,2.09,1.55
Xavier Gipson,WR,NYG,0,returning,13.0,19.9,8.4,90,1.5,1.2,6,0.0,1.5,96,27,23,2.08,1.76
Caleb Douglas,WR,MIA,1,rookie,15.0,17.6,10.6,129,0.5,0.6,3,0.0,0.5,133,27,22,1.8,1.45
Eric Gray,RB,NYG,0,returning,13.0,12.2,7.6,55,0.1,32.9,109,0.3,0.4,164,27,23,2.05,1.76
Travis Homer,RB,PIT,0,returning,12.0,8.9,6.2,44,0.1,35.4,138,0.3,0.4,182,27,24,2.22,1.96
Justin Joly,TE,DEN,1,rookie,15.0,17.3,12.0,115,0.5,0.3,1,0.0,0.5,116,27,21,1.77,1.37
Alex Bachman,WR,LV,0,returning,8.9,17.7,11.1,129,0.3,0.6,3,0.0,0.4,132,26,21,2.98,2.35
Sincere McCormick,RB,LV,0,returning,4.0,7.7,5.8,40,0.1,32.5,144,0.3,0.4,184,26,24,6.6,5.88
Brayden Willis,TE,SF,0,returning,12.0,19.0,12.3,120,0.3,0.5,2,0.0,0.3,122,26,20,2.19,1.67
Ihmir Smith-Marsette,WR,ARI,0,returning,16.0,19.2,10.3,121,0.3,2.7,14,0.1,0.4,135,26,21,1.64,1.31
Charlie Woerner,TE,ATL,0,returning,12.0,17.4,12.9,111,0.3,0.3,1,0.0,0.3,112,26,20,2.17,1.63
Blake Bell,TE,KC,0,returning,7.0,18.0,12.1,110,0.5,0.3,1,0.0,0.5,111,26,20,3.72,2.86
Brandon Bolden,RB,LV,0,returning,5.0,7.0,5.1,37,0.1,28.1,126,0.6,0.7,163,25,23,5.09,4.58
Equanimeous St. Brown,WR,CHI,0,returning,5.0,16.6,10.5,129,0.3,0.6,3,0.0,0.3,133,25,20,5.09,4.03
Melvin Gordon,RB,BAL,0,returning,4.0,5.9,4.4,36,0.1,34.1,135,0.6,0.6,171,25,23,6.32,5.77
Bryce Lance,WR,NO,1,rookie,15.0,16.4,9.9,121,0.5,0.6,3,0.0,0.5,124,25,20,1.68,1.35
MyCole Pruitt,TE,PIT,0,returning,8.0,16.2,11.0,104,0.6,0.3,1,0.0,0.6,105,25,20,3.15,2.46
Javon Baker,WR,NE,0,returning,6.0,18.0,10.3,126,0.3,0.7,4,0.0,0.3,130,25,20,4.19,3.33
Charlie Jones,WR,CIN,0,returning,14.0,18.9,10.7,120,0.3,0.8,4,0.0,0.3,125,25,20,1.78,1.39
DeeJay Dallas,RB,JAX,0,returning,13.0,8.0,5.2,35,0.2,30.1,115,0.4,0.7,150,24,22,1.86,1.66
Deion Burks,WR,IND,1,rookie,15.0,15.8,9.5,116,0.5,0.6,3,0.0,0.5,119,24,19,1.61,1.29
Deuce Vaughn,RB,DAL,0,returning,5.3,8.4,6.1,43,0.1,29.2,115,0.3,0.4,158,24,21,4.52,3.95
Feleipe Franks,TE,CAR,0,returning,13.0,16.9,11.1,108,0.3,1.4,5,0.0,0.3,113,24,19,1.85,1.42
Oscar Delp,TE,NO,1,rookie,15.0,15.6,10.9,104,0.4,0.3,1,0.0,0.4,105,24,19,1.6,1.24
Kevin Harris,RB,NE,0,returning,4.0,6.8,5.1,43,0.1,26.5,112,0.4,0.5,155,24,21,5.95,5.32
KhaDarel Hodge,WR,ATL,0,returning,9.5,17.5,9.0,121,0.3,0.6,3,0.0,0.4,125,24,19,2.48,2.01
Mike Boone,RB,CAR,0,returning,6.3,8.4,5.6,36,0.1,28.3,121,0.3,0.3,157,23,21,3.7,3.25
Ko Kieft,TE,TB,0,returning,12.0,16.6,10.4,100,0.4,0.4,1,0.0,0.4,102,23,18,1.94,1.5
Khalil Herbert,RB,NYJ,0,returning,5.8,8.2,5.2,30,0.3,27.9,97,0.6,0.9,126,23,21,4.03,3.58
Eli Raridon,TE,NE,1,rookie,15.0,15.0,10.5,100,0.4,0.3,1,0.0,0.4,101,23,18,1.54,1.19
Bryce Ford-Wheaton,WR,NYG,0,returning,5.0,15.5,9.4,116,0.3,0.5,3,0.0,0.3,118,23,18,4.6,3.66
Dee Eskridge,WR,MIA,0,returning,8.2,15.2,9.2,119,0.2,0.9,5,0.0,0.2,124,23,18,2.82,2.26
Seth McGowan,RB,IND,1,rookie,15.0,6.9,5.1,37,0.1,27.2,112,0.4,0.5,149,23,20,1.51,1.34
Jam Miller,RB,NE,1,rookie,15.0,6.7,4.9,35,0.1,26.3,108,0.3,0.4,144,22,19,1.46,1.3
Matthew Slater,WR,NE,0,returning,5.0,14.7,8.9,109,0.3,0.6,3,0.0,0.3,112,22,17,4.35,3.46
CJ Daniels,WR,LA,1,rookie,15.0,14.2,8.6,104,0.4,0.5,3,0.0,0.4,107,22,17,1.45,1.16
James Proche,WR,TEN,0,returning,7.7,16.0,9.6,107,0.2,0.4,2,0.0,0.2,109,22,17,2.84,2.21
Deven Thompkins,WR,ATL,0,returning,8.2,12.0,9.2,87,0.3,2.3,12,0.1,0.4,99,21,17,2.59,2.03
Kevin Rader,TE,TEN,0,returning,7.0,14.4,9.7,93,0.3,0.4,1,0.0,0.3,95,21,16,2.98,2.29
Elijah Cooks,WR,JAX,0,returning,4.0,13.5,8.3,103,0.3,0.5,3,0.0,0.3,105,21,16,5.13,4.09
Alex Armah,RB,WAS,0,returning,4.0,6.5,4.9,34,0.1,23.9,103,0.2,0.3,137,20,18,5.11,4.5
Jamal Agnew,WR,ATL,0,returning,11.0,16.8,7.5,95,0.4,1.4,7,0.0,0.4,103,20,17,1.85,1.51
Kenny Yeboah,TE,NYJ,0,returning,5.7,13.5,9.1,90,0.4,0.2,1,0.0,0.4,91,20,16,3.58,2.78
Peyton Hendershot,TE,KC,0,returning,6.0,12.6,9.3,91,0.3,0.3,1,0.0,0.3,92,20,16,3.37,2.6
Brycen Hopkins,TE,LA,0,returning,5.0,12.9,9.1,96,0.2,0.3,1,0.0,0.2,97,20,16,4.04,3.13
Marvin Jones,WR,DET,0,returning,4.0,14.4,8.4,96,0.3,0.5,3,0.0,0.3,99,20,16,5.05,3.99
John FitzPatrick,TE,GB,0,returning,7.1,12.8,9.7,80,0.4,0.3,1,0.0,0.4,81,20,15,2.84,2.16
Clyde Edwards-Helaire,RB,KC,0,returning,4.6,8.0,6.3,42,0.1,23.3,77,0.1,0.3,118,20,16,4.31,3.62
Zach Evans,RB,LA,0,returning,4.0,5.9,4.3,31,0.1,25.7,104,0.2,0.3,135,19,17,4.83,4.3
Trevon Wesco,TE,TEN,0,returning,6.0,13.1,8.8,89,0.2,0.3,1,0.0,0.2,90,19,15,3.17,2.44
Joshua Kelley,RB,TEN,0,returning,6.3,5.7,3.5,25,0.1,31.4,102,0.4,0.4,127,19,17,2.97,2.7
Jermaine Jackson,WR,NO,0,returning,4.0,12.5,7.6,93,0.2,0.7,4,0.0,0.2,97,19,15,4.66,3.71
Craig Reynolds,RB,DET,0,returning,7.5,5.5,3.6,28,0.1,28.1,97,0.3,0.4,125,18,17,2.42,2.19
Kadarius Toney,WR,CLE,0,returning,6.3,16.6,7.0,75,0.3,2.7,12,0.1,0.4,87,18,15,2.88,2.32
Collin Johnson,WR,CHI,0,returning,4.3,12.4,7.5,90,0.2,0.4,2,0.0,0.2,93,18,14,4.18,3.31
Eric Tomlinson,TE,LAC,0,returning,5.0,12.5,8.5,80,0.2,0.3,1,0.0,0.2,81,18,14,3.6,2.75
Trent Taylor,WR,SF,0,returning,6.3,12.0,7.3,89,0.2,0.5,3,0.0,0.2,92,18,14,2.8,2.22
Trey Sermon,RB,PIT,0,returning,7.4,6.9,3.9,27,0.1,27.9,76,0.5,0.6,104,18,16,2.41,2.14
Jack Westover,TE,NE,0,returning,5.0,12.0,8.4,78,0.2,0.3,1,0.0,0.2,79,17,13,3.49,2.65
Deonte Harty,WR,BAL,0,returning,9.3,13.9,6.6,80,0.3,1.1,6,0.0,0.4,86,17,14,1.85,1.5
Tucker Fisk,TE,LAC,0,returning,5.5,11.4,8.3,73,0.2,0.2,1,0.0,0.2,74,17,13,3.12,2.36
Damien Williams,RB,ARI,0,returning,3.0,4.9,3.6,26,0.1,22.2,94,0.2,0.2,120,17,15,5.65,5.04
Jesper Horsted,TE,LV,0,returning,5.0,11.4,8.0,76,0.2,0.3,1,0.0,0.2,77,17,13,3.37,2.57
Cyrus Allen,WR,KC,1,rookie,15.0,11.0,6.6,80,0.3,0.4,2,0.0,0.3,83,17,13,1.12,0.9
J.J. Taylor,RB,HOU,0,returning,3.0,5.4,3.9,27,0.1,20.1,86,0.2,0.2,113,17,15,5.55,4.9
Josiah Deguara,TE,ARI,0,returning,7.5,10.4,7.5,65,0.4,0.2,1,0.0,0.4,66,17,13,2.23,1.72
Rashaad Penny,RB,PHI,0,returning,3.0,4.7,3.5,25,0.1,22.3,92,0.2,0.2,117,16,15,5.46,4.88
Avery Williams,RB,NYJ,0,returning,6.6,5.5,4.0,30,0.1,18.6,80,0.2,0.2,109,16,14,2.46,2.16
D'Ernest Johnson,RB,ARI,0,returning,6.5,6.2,3.4,27,0.1,24.5,73,0.4,0.5,100,16,15,2.49,2.23
Anthony McFarland,RB,PIT,0,returning,3.0,5.0,3.7,27,0.1,19.2,83,0.2,0.3,109,16,14,5.42,4.8
Derrick Gore,RB,WAS,0,returning,3.0,4.6,3.4,25,0.1,19.8,88,0.2,0.2,113,16,14,5.36,4.8
Pharaoh Brown,TE,ARI,0,returning,7.4,10.7,8.3,60,0.3,0.2,1,0.0,0.3,61,16,12,2.16,1.6
Aaron Shampklin,RB,PIT,0,returning,3.0,4.6,3.4,25,0.1,20.5,86,0.2,0.2,110,16,14,5.25,4.69
Jashaun Corbin,RB,NYG,0,returning,3.0,5.7,4.3,30,0.1,16.5,70,0.2,0.2,100,16,13,5.21,4.49
Geoff Swaim,TE,CLE,0,returning,4.7,9.8,7.4,68,0.2,0.2,1,0.0,0.2,69,15,12,3.27,2.47
Chris Evans,RB,CIN,0,returning,3.0,5.2,3.9,27,0.1,17.0,74,0.1,0.2,101,15,13,5.06,4.41
DeAndre Carter,WR,CLE,0,returning,8.6,12.6,6.2,72,0.2,0.5,3,0.0,0.3,74,15,12,1.75,1.39
Ramel Keyton,WR,LV,0,returning,3.0,10.5,6.2,74,0.2,0.4,2,0.0,0.2,77,15,12,5.04,4.02
Dwayne Washington,RB,DEN,0,returning,3.0,4.8,3.5,26,0.1,17.8,76,0.2,0.2,102,15,13,5.01,4.42
Nyheim Hines,RB,LAC,0,returning,3.0,4.9,3.5,26,0.1,18.1,75,0.2,0.2,101,15,13,4.96,4.37
Robbie Chosen,WR,WAS,0,returning,2.9,10.0,5.7,72,0.3,0.3,1,0.0,0.3,74,15,12,5.22,4.22
Barion Brown,WR,NO,1,rookie,15.0,9.7,5.8,71,0.3,0.3,2,0.0,0.3,73,15,12,0.99,0.8
Jonathan Ward,RB,PIT,0,returning,3.3,4.3,3.1,23,0.1,19.4,83,0.1,0.2,105,15,13,4.45,3.98
Anthony Miller,WR,BAL,0,returning,3.0,9.6,6.2,73,0.2,0.5,3,0.0,0.2,75,15,12,4.92,3.88
Jaelon Darden,WR,SEA,0,returning,3.7,9.8,5.9,73,0.2,0.4,2,0.0,0.2,75,15,12,3.97,3.16
Andre Baccellia,WR,ARI,0,returning,3.4,10.0,5.9,69,0.2,0.4,2,0.0,0.2,71,14,12,4.3,3.43
Alex Erickson,WR,NE,0,returning,4.7,12.9,5.5,70,0.3,0.4,2,0.0,0.3,72,14,12,3.07,2.48
Sam Roush,TE,CHI,1,rookie,15.0,9.1,6.3,60,0.3,0.2,1,0.0,0.3,61,14,11,0.93,0.72
Irv Smith,TE,HOU,0,returning,4.0,9.6,7.4,50,0.2,0.2,1,0.0,0.2,50,14,10,3.45,2.52
Trayveon Williams,RB,LAC,0,returning,5.0,4.7,3.4,20,0.3,15.7,55,0.1,0.4,75,13,11,2.61,2.28
Cam Akers,RB,SEA,0,returning,2.8,3.6,2.3,17,0.1,19.6,57,0.4,0.6,73,13,12,4.74,4.32
Zach Pascal,WR,ARI,0,returning,5.3,11.3,5.3,62,0.2,0.5,3,0.0,0.2,65,13,10,2.44,1.95
La'Mical Perine,RB,KC,0,returning,2.0,4.3,3.1,24,0.0,14.9,61,0.1,0.2,85,13,11,6.26,5.49
Dallin Holker,TE,NO,0,returning,3.0,8.4,5.9,56,0.1,0.2,1,0.0,0.1,57,12,9,4.11,3.12
Joseph Fortson,TE,KC,0,returning,3.0,8.5,5.7,55,0.2,0.2,1,0.0,0.2,55,12,9,4.09,3.13
D.J. Montgomery,WR,IND,0,returning,2.0,8.1,4.6,59,0.3,0.3,2,0.0,0.3,61,12,10,6.1,4.96
Keelan Doss,WR,LAC,0,returning,2.0,9.1,5.2,57,0.2,0.3,2,0.0,0.2,58,12,10,6.07,4.77
Steven Sims,WR,ARI,0,returning,4.3,8.5,4.8,58,0.1,0.6,3,0.0,0.1,61,12,9,2.72,2.17
Leonard Fournette,RB,BUF,0,returning,2.0,3.3,2.4,18,0.0,15.3,64,0.2,0.2,81,12,11,5.9,5.3
Jermar Jefferson,RB,DET,0,returning,2.0,3.4,2.5,19,0.0,14.6,62,0.2,0.2,81,12,10,5.87,5.23
Jack Endries,TE,CIN,1,rookie,15.0,7.6,5.3,51,0.2,0.1,0,0.0,0.2,51,12,9,0.78,0.6
DJ Turner,WR,LV,0,returning,5.2,10.4,4.4,52,0.2,0.7,4,0.0,0.3,56,12,9,2.25,1.82
Jase McClellan,RB,ATL,0,returning,2.0,3.0,2.2,16,0.0,17.3,69,0.1,0.2,85,12,11,5.84,5.29
John Shenker,TE,LV,0,returning,3.0,7.7,5.4,52,0.1,0.2,1,0.0,0.1,53,12,9,3.84,2.93
Trishton Jackson,WR,MIN,0,returning,2.0,7.8,4.6,54,0.2,0.3,2,0.0,0.2,56,11,9,5.72,4.56
Malik Taylor,WR,NYJ,0,returning,2.0,8.0,4.8,57,0.1,0.3,1,0.0,0.1,58,11,9,5.72,4.52
Mike Strachan,WR,CAR,0,returning,2.0,7.6,4.4,60,0.1,0.3,2,0.0,0.1,62,11,9,5.71,4.6
Ross Dwelley,TE,DET,0,returning,3.7,7.6,5.2,47,0.2,0.2,1,0.0,0.2,48,11,9,3.09,2.39
Justyn Ross,WR,KC,0,returning,2.7,8.6,4.4,52,0.3,0.3,1,0.0,0.3,54,11,9,4.23,3.41
Chase Edmonds,RB,WAS,0,returning,5.6,5.3,2.8,20,0.0,20.8,55,0.1,0.1,75,11,10,2.01,1.76
Willie Snead,WR,SF,0,returning,2.0,7.3,4.5,53,0.2,0.3,2,0.0,0.2,55,11,9,5.44,4.32
Owen Wright,RB,TB,0,returning,2.0,3.4,2.5,18,0.0,13.5,56,0.1,0.2,75,11,10,5.43,4.81
Troy Hairston,RB,HOU,0,returning,2.0,3.4,2.5,18,0.0,12.9,55,0.1,0.2,74,11,10,5.4,4.77
Tyreik McAllister,WR,LV,0,returning,2.0,7.1,4.3,53,0.1,0.6,3,0.0,0.1,56,11,9,5.38,4.3
River Cracraft,WR,WAS,0,returning,3.7,8.4,4.3,51,0.2,0.3,2,0.0,0.2,52,11,9,2.93,2.35
Jalen Cropper,WR,DAL,0,returning,2.0,7.2,4.4,54,0.1,0.3,2,0.0,0.1,55,11,8,5.34,4.25
Tony Jones,RB,ARI,0,returning,1.7,2.5,1.7,13,0.0,11.8,59,0.3,0.3,72,11,10,6.4,5.88
Matthew Hibner,TE,BAL,1,rookie,15.0,6.9,4.8,46,0.2,0.1,0,0.0,0.2,46,11,8,0.71,0.55
Grant DuBose,WR,MIA,0,returning,2.0,7.5,4.5,52,0.1,0.3,2,0.0,0.1,54,11,8,5.32,4.2
Velus Jones Jr.,RB,NO,0,returning,4.5,3.8,2.4,17,0.0,14.4,56,0.1,0.1,74,11,9,2.39,2.12
Antoine Green,WR,DET,0,returning,2.0,7.1,4.3,51,0.1,0.3,2,0.0,0.2,52,10,8,5.23,4.15
Andy Isabella,WR,BUF,0,returning,2.0,7.0,4.2,51,0.1,0.3,2,0.0,0.1,53,10,8,5.1,4.06
Kearis Jackson,WR,TEN,0,returning,2.0,6.8,4.1,51,0.1,0.3,2,0.0,0.1,52,10,8,5.06,4.03
Keaontay Ingram,RB,KC,0,returning,3.0,4.0,2.8,20,0.0,14.5,45,0.1,0.1,65,10,9,3.33,2.87
Stephen Sullivan,TE,CAR,0,returning,4.0,9.5,4.7,46,0.1,0.2,1,0.0,0.1,46,10,8,2.48,1.9
Ke'Shawn Vaughn,RB,SF,0,returning,2.3,3.3,2.2,16,0.0,14.6,53,0.1,0.1,69,10,9,4.2,3.74
C.J. Uzomah,TE,PHI,0,returning,4.0,7.3,4.3,41,0.2,0.2,1,0.0,0.2,42,10,8,2.43,1.9
Myles Gaskin,RB,SEA,0,returning,2.1,2.9,2.1,15,0.0,12.9,52,0.1,0.1,67,10,9,4.68,4.18
Dalvin Cook,RB,DAL,0,returning,1.7,2.8,2.0,15,0.0,11.6,46,0.2,0.2,61,9,8,5.59,4.98
Tay Martin,WR,WAS,0,returning,1.6,5.7,3.6,47,0.1,0.2,1,0.0,0.1,48,9,7,5.6,4.52
Montrell Washington,WR,KC,0,returning,2.0,6.1,3.7,45,0.1,0.2,1,0.0,0.1,47,9,7,4.52,3.59
Sal Cannella,TE,CLE,0,returning,2.0,6.5,4.3,41,0.1,0.1,0,0.0,0.1,41,9,7,4.51,3.43
Parris Campbell,WR,DAL,0,returning,3.2,7.9,3.8,38,0.2,0.2,1,0.0,0.2,39,9,7,2.76,2.17
CJ Williams,WR,JAX,1,rookie,15.0,5.8,3.5,42,0.2,0.2,1,0.0,0.2,43,9,7,0.59,0.47
Malik Benson,WR,LV,1,rookie,15.0,5.8,3.5,42,0.2,0.2,1,0.0,0.2,43,9,7,0.59,0.47
Reggie Virgil,WR,ARI,1,rookie,15.0,5.8,3.5,42,0.2,0.2,1,0.0,0.2,43,9,7,0.59,0.47
Lewis Bond,WR,HOU,1,rookie,15.0,5.8,3.5,42,0.2,0.2,1,0.0,0.2,43,9,7,0.59,0.47
Anthony Smith,WR,DAL,1,rookie,15.0,5.8,3.5,42,0.2,0.2,1,0.0,0.2,43,9,7,0.59,0.47
Emmanuel Henderson Jr.,WR,SEA,1,rookie,15.0,5.8,3.5,42,0.2,0.2,1,0.0,0.2,43,9,7,0.59,0.47
Jakob Johnson,RB,HOU,0,returning,2.6,2.8,1.9,14,0.0,10.2,44,0.1,0.1,58,8,7,3.25,2.88
Zach Davidson,TE,BUF,0,returning,2.0,5.5,3.8,36,0.1,0.1,1,0.0,0.1,37,8,6,4.08,3.13
Jordan Matthews,TE,CAR,0,returning,2.0,5.6,3.8,37,0.1,0.1,0,0.0,0.1,37,8,6,4.04,3.09
Josh Cameron,WR,JAX,1,rookie,15.0,5.2,3.1,38,0.2,0.2,1,0.0,0.2,39,8,6,0.53,0.43
Kendrick Law,WR,DET,1,rookie,15.0,5.2,3.1,38,0.2,0.2,1,0.0,0.2,39,8,6,0.53,0.43
Rod Williams,TE,PIT,0,returning,2.7,5.2,3.5,34,0.1,0.1,1,0.0,0.1,34,7,6,2.77,2.12
Marcedes Lewis,TE,DEN,0,returning,2.9,5.0,3.3,30,0.1,0.1,0,0.0,0.1,31,7,5,2.42,1.86
Colbie Young,WR,CIN,1,rookie,15.0,4.6,2.8,34,0.1,0.2,1,0.0,0.1,35,7,6,0.47,0.38
Kaden Wetjen,WR,PIT,1,rookie,15.0,4.6,2.8,34,0.1,0.2,1,0.0,0.1,35,7,6,0.47,0.38
Giovanni Ricci,TE,DET,0,returning,2.0,4.8,3.2,31,0.1,0.1,0,0.0,0.1,32,7,5,3.52,2.72
Erik Ezukanma,WR,MIA,0,returning,1.3,4.7,2.7,33,0.1,0.4,2,0.0,0.1,35,7,5,5.01,4.01
Cody Thompson,WR,TB,0,returning,1.3,4.4,2.7,33,0.1,0.2,1,0.0,0.1,34,7,5,4.89,3.89
Tanner Koziol,TE,JAX,1,rookie,15.0,4.2,2.9,28,0.1,0.1,0,0.0,0.1,28,6,5,0.43,0.33
Jaren Kanak,TE,TEN,1,rookie,15.0,4.2,2.9,28,0.1,0.1,0,0.0,0.1,28,6,5,0.43,0.33
Josh Cuevas,TE,BAL,1,rookie,15.0,4.2,2.9,28,0.1,0.1,0,0.0,0.1,28,6,5,0.43,0.33
Seydou Traore,TE,MIA,1,rookie,15.0,4.2,2.9,28,0.1,0.1,0,0.0,0.1,28,6,5,0.43,0.33
Kristian Wilkerson,WR,LV,0,returning,1.0,4.0,2.5,30,0.2,0.2,1,0.0,0.2,30,6,5,6.44,5.21
Jacob Kibodi,RB,CLE,0,returning,1.0,2.2,1.5,12,0.0,6.6,29,0.1,0.1,40,6,5,6.15,5.38
Jake Funk,RB,IND,0,returning,1.0,1.9,1.4,10,0.0,7.4,32,0.1,0.1,42,6,5,6.1,5.41
John Kelly,RB,BAL,0,returning,1.0,1.6,1.2,9,0.0,8.2,35,0.1,0.1,44,6,6,6.09,5.5
Blake Watson,RB,DEN,0,returning,1.0,2.0,1.5,11,0.0,7.2,30,0.1,0.1,41,6,5,6.07,5.35
Elijah Dotson,RB,LAC,0,returning,1.0,2.0,1.5,11,0.0,7.1,29,0.1,0.1,40,6,5,6.06,5.31
Devine Ozigbo,RB,DET,0,returning,1.0,1.8,1.4,10,0.0,7.6,32,0.1,0.1,42,6,5,6.05,5.37
Kwamie Lassiter II,WR,CIN,0,returning,1.0,4.1,2.5,30,0.1,0.1,1,0.0,0.1,31,6,5,6.05,4.78
James Robinson,RB,GB,0,returning,1.0,1.8,1.3,9,0.0,7.6,32,0.1,0.1,42,6,5,6.05,5.38
Stanley Morgan,WR,CIN,0,returning,1.0,4.0,2.4,30,0.1,0.1,1,0.0,0.1,31,6,5,5.95,4.73
Kenyan Drake,RB,GB,0,returning,1.0,1.7,1.3,9,0.0,7.6,32,0.1,0.1,42,6,5,5.95,5.31
Mohamed Ibrahim,RB,DET,0,returning,1.0,1.8,1.3,9,0.0,7.4,32,0.1,0.1,41,6,5,5.92,5.28
Jonathan Williams,RB,WAS,0,returning,1.0,1.9,1.3,10,0.0,7.4,31,0.1,0.1,41,6,5,5.92,5.26
Marlin Klein,TE,HOU,1,rookie,15.0,3.8,2.7,25,0.1,0.1,0,0.0,0.1,26,6,5,0.39,0.3
Will Kacmarek,TE,MIA,1,rookie,15.0,3.8,2.7,25,0.1,0.1,0,0.0,0.1,26,6,5,0.39,0.3
Carsen Ryan,TE,CLE,1,rookie,15.0,3.8,2.7,25,0.1,0.1,0,0.0,0.1,26,6,5,0.39,0.3
Max Bredeson,TE,MIN,1,rookie,15.0,3.8,2.7,25,0.1,0.1,0,0.0,0.1,26,6,5,0.39,0.3
Bauer Sharp,TE,TB,1,rookie,15.0,3.8,2.7,25,0.1,0.1,0,0.0,0.1,26,6,5,0.39,0.3
D.J. Williams,RB,TB,0,returning,1.0,1.8,1.3,10,0.0,7.0,30,0.1,0.1,40,6,5,5.83,5.16
Keilan Robinson,RB,JAX,0,returning,1.0,1.8,1.3,10,0.0,7.0,30,0.1,0.1,40,6,5,5.81,5.14
Deon Jackson,RB,NYG,0,returning,1.0,2.0,1.4,10,0.0,6.3,27,0.1,0.1,37,6,5,5.8,5.08
Darrynton Evans,RB,CHI,0,returning,1.0,1.7,1.3,9,0.0,6.8,29,0.1,0.1,38,6,5,5.67,5.04
Tyrion Davis-Price,RB,PHI,0,returning,1.0,1.6,1.2,9,0.0,7.7,32,0.1,0.1,40,6,5,5.66,5.07
Kaden Davis,WR,CLE,0,returning,1.0,3.8,2.3,28,0.1,0.1,1,0.0,0.1,29,6,4,5.58,4.44
Juwann Winfree,WR,IND,0,returning,1.0,3.8,2.3,28,0.1,0.2,1,0.0,0.1,28,6,4,5.52,4.39
Amari Rodgers,WR,IND,0,returning,1.0,3.9,2.2,28,0.1,0.2,1,0.0,0.1,28,5,4,5.49,4.37
John Ross,WR,PHI,0,returning,1.0,3.7,2.2,27,0.1,0.2,1,0.0,0.1,28,5,4,5.45,4.32
Devon Allen,WR,PHI,0,returning,1.0,3.6,2.2,27,0.1,0.2,1,0.0,0.1,28,5,4,5.35,4.26
Joe Royer,TE,CLE,1,rookie,15.0,3.3,2.3,22,0.1,0.1,0,0.0,0.1,22,5,4,0.34,0.26
Riley Nowakowski,TE,PIT,1,rookie,15.0,3.3,2.3,22,0.1,0.1,0,0.0,0.1,22,5,4,0.34,0.26
Damiere Byrd,WR,ATL,0,returning,1.0,3.5,2.0,25,0.1,0.2,1,0.0,0.1,26,5,4,5.0,3.99
Nick Muse,TE,MIN,0,returning,1.0,3.0,2.1,22,0.0,0.1,0,0.0,0.0,22,5,4,4.6,3.54
Baylor Cupp,TE,KC,0,returning,1.0,3.1,2.1,21,0.0,0.1,0,0.0,0.1,21,5,3,4.51,3.45
Nate Boerkircher,TE,JAX,1,rookie,15.0,2.9,2.0,19,0.1,0.1,0,0.0,0.1,20,4,3,0.3,0.23
Dallen Bentley,TE,DEN,1,rookie,15.0,2.9,2.0,19,0.1,0.1,0,0.0,0.1,20,4,3,0.3,0.23
Cole Fotheringham,TE,LV,0,returning,1.0,3.0,2.1,20,0.0,0.1,0,0.0,0.0,20,4,3,4.42,3.38
David Wells,TE,TB,0,returning,1.0,3.1,2.2,19,0.0,0.1,0,0.0,0.0,19,4,3,4.39,3.31
Stephen Anderson,TE,LAC,0,returning,1.0,2.9,2.1,20,0.0,0.1,0,0.0,0.0,20,4,3,4.38,3.35
Tre' McKitty,TE,LAC,0,returning,1.0,2.9,2.1,20,0.0,0.1,0,0.0,0.0,20,4,3,4.38,3.35
Tyler Kroft,TE,MIA,0,returning,1.0,2.8,2.0,19,0.0,0.1,0,0.0,0.0,20,4,3,4.21,3.22
Darrell Daniels,TE,DET,0,returning,1.0,2.8,2.0,19,0.0,0.1,0,0.0,0.0,19,4,3,4.17,3.19
Henry Pearson,TE,GB,0,returning,1.0,2.8,1.9,19,0.0,0.1,0,0.0,0.0,19,4,3,4.11,3.14
Travis Vokolek,TE,ARI,0,returning,1.0,2.7,1.9,19,0.0,0.1,0,0.0,0.0,19,4,3,4.07,3.12
Parker Hesse,TE,ATL,0,returning,1.0,2.6,1.8,17,0.0,0.1,0,0.0,0.0,18,4,3,3.83,2.93
